<?xml version="1.0" encoding="UTF-8"?>
<custom xmlns:xsi="http://www.w3.org/2001/XMLSchema-instance" xsi:noNamespaceSchemaLocation="../xsd/custom.xsd">
 
 <view id="MyCreatedIssues2" view.parameter="DISTINCT">
              
        <viewObject id="VO_MyCreatedIssues_ISSUE" objectType="ISSUE" isMainViewObject="true" restrictToCurrentUser.id="creator_user_id">
            <viewColumn id="creator_id" attributeType="creator_user_id"/>
            <viewColumn id="IssueID" attributeType="obj_id" isSelectColumn="true" isSortable="true" isGrouped="true"/>
            <viewColumn id="action_type" attributeType="action_type" isSelectColumn="true"  isGrouped="true" isSortable="true"/>
            <viewColumn id="name" attributeType="name" isSelectColumn="true" isSortable="true" isGrouped="true"/>
            <viewColumn id="plannedenddate" attributeType="plannedenddate" isSelectColumn="true" isSortable="true" isGrouped="true"/>
            <viewColumn id="plannedenddate2" attributeType="plannedenddate" isSortable="true"/>
            <viewColumn id="creator_status" attributeType="creator_status" isSelectColumn="true" isSortable="true" isGrouped="true"/>
            <viewColumn id="remediationMeasure" attributeType="remediationMeasure" isSelectColumn="true" isSortable="true" isGrouped="true"/>
            <viewColumn id="description" attributeType="description" isSelectColumn="true" isSortable="true" isGrouped="true"/>
            <viewColumn id="remark" attributeType="remark" isSortable="true"/>
            <viewColumn id="category" attributeType="category" isSortable="true"/>
            <viewColumn id="owner_status" attributeType="owner_status" isSelectColumn="true" isSortable="true" isGrouped="true"/>
            <viewColumn id="reviewer_status" attributeType="reviewer_status" isSelectColumn="true" isSortable="true" isGrouped="true"/>
            <viewColumn id="stateTime" attributeType="stateTime" isSelectColumn="true" isSortable="true" isGrouped="true"/>
            <viewColumn id="priority" attributeType="priority" isSelectColumn="true" isSortable="true" isGrouped="true"/>
            <viewColumn id="version_active" attributeType="version_active"/>
            <viewColumn id="deactivated" attributeType="deactivated" isSelectColumn="true" isGrouped="true"/>
        </viewObject>
        <viewObject id="VO_MyCreatedIssues_OWNER" objectType="USER">
            <viewColumn id="owner_id" attributeType="obj_id" isSelectColumn="true" isSortable="true" function="COUNT"/>
            <viewColumn id="owner_name" attributeType="name"/>
            <viewColumn id="owner_version_active" attributeType="version_active"/>
        </viewObject>
        <viewObject id="VO_MyCreatedIssues_REVIEWER" objectType="USER">
            <viewColumn id="reviewer_name" attributeType="name"/>
            <viewColumn id="reviewer_version_active" attributeType="version_active"/>
        </viewObject>
        <link linktype.id="3100" firstViewObject="VO_MyCreatedIssues_ISSUE" secondViewObject="VO_MyCreatedIssues_OWNER" joinType="LEFT"/>
        <link linktype.id="3101" firstViewObject="VO_MyCreatedIssues_ISSUE" secondViewObject="VO_MyCreatedIssues_REVIEWER" joinType="LEFT"/>
        <conditions>
            <compoundCondition conditionConnect="AND">
                <condition column.id="deactivated" compareType="EQ"/>
                <condition column.id="version_active" compareType="EQ" value="true"/>
                <condition column.id="IssueID" compareType="EQ"/>
                <condition column.id="name" compareType="LIKE"/>
                <condition column.id="description" compareType="LIKE"/>
                <condition column.id="remediationMeasure" compareType="LIKE"/>
                <condition column.id="plannedenddate" compareType="GE"/>
                <condition column.id="plannedenddate2" compareType="LE"/>
                <condition column.id="remark" compareType="LIKE"/>
                <condition column.id="category" compareType="IN"/>
                <condition column.id="stateTime" compareType="EQ"/>
                <condition column.id="owner_status" compareType="IN"/>
                <condition column.id="reviewer_status" compareType="IN"/>
                <condition column.id="owner_name" compareType="LIKE"/>
                <condition column.id="reviewer_name" compareType="LIKE"/>
                <condition column.id="action_type" compareType="IN"/>
                <compoundCondition conditionConnect="OR">
                    <condition column.id="owner_version_active" compareType="EQ" value="true"/>
                    <condition column.id="owner_version_active" compareType="ISNULL"/>
                </compoundCondition>
                <compoundCondition conditionConnect="OR">
                    <condition column.id="reviewer_version_active" compareType="EQ" value="true"/>
                    <condition column.id="reviewer_version_active" compareType="ISNULL"/>
                </compoundCondition>
            </compoundCondition>
        </conditions>
    </view>

</custom>

