<?xml version="1.0" encoding="UTF-8"?>
<custom xmlns:xsi="http://www.w3.org/2001/XMLSchema-instance" xsi:noNamespaceSchemaLocation="../xsd/custom.xsd">
<form id="FORM_TESTCASE">
        <logToolbarButtons>
            <buttonReference button.idref="ARIS_REPORT"/>
        </logToolbarButtons>
        <formButtons>
            <buttonReference button.idref="OBJECT_SAVE"/>
            <buttonReference button.idref="OBJECT_SAVE_AND_NEXT"/>
            <buttonReference button.idref="OBJECT_DELETE"/>
            <buttonReference button.idref="OBJECT_REACTIVATE"/>
            <buttonReference button.idref="PDF_REPORT"/>
            <buttonReference button.idref="ARIS_REPORT"/>
        </formButtons>
        <page id="testcase" licensedComponentIds="tm">
            <rowGroup id="testcase.1">
                <row id="client_sign">
                    <element attribute.idref="client_sign" template="clientSign"/>
                </row>

				<!-- GAP-GRC52 Inicio -->                 
                 <row id="origemteste">
                    <element attribute.idref="origemteste"/>
                </row>          
				<!-- GAP-GRC52 Fim -->                 

                <row id="process_model_name" propertyKey="form.row.process.DBI">
                    <element attribute.idref="process" template="childAttribute">
                        <parameter name="listAttribute1" value="model_name"/>
                    </element>
                </row>
                <row id="process">
                    <element attribute.idref="process">
                        <button.add button.idref="OBJECTLINK" location="row"/>
                        <button.add button.idref="MODELLINK" location="row"/>
                        <button.add button.idref="CONNECTLINK" location="row"/>
                    </element>
                </row>
               
                <row id="risk">
                    <element attribute.idref="risk"/>
                </row>
                <row id="control">
                    <element attribute.idref="control"/>
                </row>
                <row id="testdefinition">
                    <element attribute.idref="testdefinition">
                        <parameter name="selectionList" value="AUTO"/>
                    </element>
                </row>
                <row id="predecessor">
                    <element attribute.idref="predecessor"/>
                </row>
                <row id="followup">
                    <element attribute.idref="followup"/>
                </row>
            </rowGroup>
            <rowGroup id="testcase.2">
                <row id="obj_id">
                    <element attribute.idref="obj_id"/>
                </row>
                <row id="type">
                    <element attribute.idref="type"/>
                </row>
                <row id="testing_periode" propertyKey="form.row.testing.period.DBI">
                    <cell separator=" - ">
                        <element attribute.idref="plannedstartdate"/>
                        <element attribute.idref="plannedenddate"/>
                    </cell>
                </row>
                <row id="execution_date">
                    <element attribute.idref="execution_date"/>
                </row>
                <row id="control_periode" propertyKey="form.row.control.period.DBI">
                    <cell separator=" - ">
                        <element attribute.idref="controlstartdate"/>
                        <element attribute.idref="controlenddate"/>
                    </cell>
                </row>
				<!-- GAP-GRC52 Inicio -->                 
				<!--                
                <row id="testerhierarchy">
                    <element attribute.idref="testerhierarchy"/>
                </row>
				--> 
                <row id="effected_orgunit">
                    <element attribute.idref="orgunit">
                        <parameter name="selectionList" value="AUTO"/>
                    </element>
                </row>

				<!-- GAP-GRC52 Fim -->                 

                <row id="owner_group">
                    <element attribute.idref="owner_group"/>
                </row>
                <row id="owner">
                    <element attribute.idref="owner" template="userSubstitute">
                        <parameter name="substitute" value="owner_substitute"/>
                    </element>
                </row>
                <row id="reviewer_group">
                    <element attribute.idref="reviewer_group"/>
                </row>
				<!-- GAP-GRC52 Inicio -->                 
				<!--                 
                <row id="manager_group">
                    <element attribute.idref="manager_group" />
                </row>
				-->  
				<!-- GAP-GRC52 Fim -->              
                <row id="testtype">
                    <element attribute.idref="testtype"/>
                </row>
                <row id="owner_status">
                    <element attribute.idref="owner_status">
                        <javaScriptEvent expression="aam_objectcommand('cache');" name="onChange"/>
                    </element>
                </row>
                <row id="effectiveness">
                    <element attribute.idref="effectiveness">
                        <javaScriptEvent expression="aam_objectcommand('cache');" name="onClick"/>
                    </element>
                </row>
                <row id="reviewer_status">
                    <element attribute.idref="reviewer_status">
                        <parameter name="showUnspecified" value="true"/>
                        <javaScriptEvent expression="aam_objectcommand('cache')" name="onChange"/>
                    </element>
                </row>
                <row id="measure">
                    <element attribute.idref="measure" template="measure"/>
                </row>
                 
                <row id="reviewer_remark">
                    <element attribute.idref="reviewer_remark"/>
                </row>
                <!--
                <row id="walkthroughName">
                    <element attribute.idref="walkthroughName" />
                </row>
                <row id="walkthroughCounter">
                    <element attribute.idref="walkthroughCounter" />
                </row>
                --> 
            </rowGroup>
            <rowGroup id="testcase.3">
                <row id="testingsteps">
                    <element attribute.idref="testingsteps"/>
                </row>
                <row id="test_nature">
                    <element attribute.idref="test_nature"/>
                </row>
                <row id="testextend">
                    <element attribute.idref="testextend"/>
                </row>
            </rowGroup>
            <rowGroup id="testcase.4">
             
                
                <row id="control_frequency">
                    <element attribute.idref="control_frequency"/>
                </row>
 
                <row id="design_description">
                    <element attribute.idref="design_description"/>
                </row>
                <row id="operative_description">
                    <element attribute.idref="operative_description"/>
                </row>
                <row id="remark">
                    <element attribute.idref="remark"/>
                </row>
                <row id="documents">
                    <element attribute.idref="documents" template="doclink">
                        <parameter name="selectionList" value="AUTO"/>
                    </element>
                </row>
				<!-- GAP-GRC52 Inicio -->                 
				<!--                 
                <row id="recommendations" template="formRecommendationRow">
                    <element attribute.idref="recommendations">
                        <parameter name="selectionList" value="testaction2recommendations_sel"/>
                        <button.add button.idref="RELATION_CREATE" location="toolbar" type="writable"/>
                        <button.add button.idref="SEND_RECOMMNEDATION" location="toolbar"/>
                        <button.add button.idref="ROW_SEND_RECOMMNEDATION" location="row"/>
                    </element>
                </row>
				-->                
            </rowGroup>
        </page>
    </form>

</custom>
