<?xml version="1.0" encoding="UTF-8"?>
<custom xmlns:xsi="http://www.w3.org/2001/XMLSchema-instance" xsi:noNamespaceSchemaLocation="../xsd/custom.xsd">
  	
    <list id="ReportIssues"
         view.idref="ReportIssues"
         filter.idref="ReportIssues"
         idColumn.idref="IssueID"
         defaultOrderColumn.idref="IssueID"
         allowMarkAsIssueRelevant="true"
         relatedObjectType.idref="ISSUE"
         propertyKey="list.ReportIssues.DBI">
        <simpleFilterRow>
            <simpleFilter filterRow.idref="IssueID"/>
            <simpleFilter filterRow.idref="rsk_name"/>
        </simpleFilterRow>
        <simpleFilterRow>
            <simpleFilter filterRow.idref="cst_modelname"/>
            <simpleFilter filterRow.idref="cst_process"/>
        </simpleFilterRow>
        <simpleFilterRow>
        	<simpleFilter filterRow.idref="issuedate"/>
        </simpleFilterRow>
        <extendedFilterRow>
            <extendedFilter filterRow.idref="process_environment"/>
            <extendedFilter filterRow.idref="business_unit"/>
        </extendedFilterRow>
        <listHeaderRow>
        		<listHeader column="LC_MyCreatedIssues_1" propertyKey="tableheader.issue.id.DBI" width="6%"/>
        		<listHeader column="LC_MyCreatedIssues_2" propertyKey="tableheader.issue.name.DBI" width="10%"/>
        		<listHeader column="LC_MyCreatedIssues_3" propertyKey="tableheader.issue.creator_status.DBI" width="6%"/>
        		<listHeader column="LC_MyCreatedIssues_4" propertyKey="tableheader.issue.ra_result.DBI" width="6%"/>
        		<listHeader column="LC_MyCreatedIssues_5" propertyKey="tableheader.issue.ra_residualfinal.DBI" width="6%"/>
        		<listHeader column="LC_MyCreatedIssues_6" propertyKey="tableheader.issue.recurrent.DBI" width="6%"/>
        		<listHeader column="LC_MyCreatedIssues_7" propertyKey="tableheader.issue.owners.DBI" width="6%"/>
        		<listHeader column="LC_MyCreatedIssues_8" propertyKey="tableheader.issue.process_environment.DBI" width="6%"/>
        		<listHeader column="LC_MyCreatedIssues_9" propertyKey="tableheader.issue.cst_modelname.DBI" width="6%"/>
        		<listHeader column="LC_MyCreatedIssues_10" propertyKey="tableheader.issue.cst_process.DBI" width="6%"/>
        		<!--<listHeader column="LC_MyCreatedIssues_11" propertyKey="tableheader.issue.issueRelevantObjects.DBI" width="6%"/>-->
        		<listHeader column="LC_MyCreatedIssues_12" propertyKey="tableheader.issue.replanned.DBI" width="6%"/>
        		<listHeader column="LC_MyCreatedIssues_13" propertyKey="tableheader.issue.business_unit.DBI" width="6%"/>
						<!--<listHeader column="LC_MyCreatedIssues_14" propertyKey="tableheader.issue.issuedate.DBI" width="6%"/>-->
				<listHeader column="LC_MyCreatedIssues_15" propertyKey="tableheader.issue.cst_rescheduling.DBI" width="6%"/>
				<listHeader column="LC_MyCreatedIssues_16" propertyKey="tableheader.issue.cst_plandtini.DBI" width="6%"/>
				<listHeader column="LC_MyCreatedIssues_17" propertyKey="tableheader.issue.cst_aging_plan.DBI" width="6%"/>
				<listHeader column="LC_MyCreatedIssues_18" propertyKey="tableheader.issue.cst_aging_pend.DBI" width="6%"/>		
        </listHeaderRow>
        <column id="LC_MyCreatedIssues_1" dataReference.idref="IssueID" template="openObject">
            <parameter name="idColumn" value="IssueID"/>
        </column>
        <column id="LC_MyCreatedIssues_2" dataReference.idref="name"/>
        <column id="LC_MyCreatedIssues_3" align="center" dataReference.idref="creator_status"/>
        <column id="LC_MyCreatedIssues_4" align="center" dataReference.idref="ra_result"/>
        <column id="LC_MyCreatedIssues_5" align="center" dataReference.idref="ra_residualfinal"/>
        <column id="LC_MyCreatedIssues_6" align="center" dataReference.idref="recurrent"/>
        <column id="LC_MyCreatedIssues_7" align="center" dataReference.idref="owner_name"/>
        <column id="LC_MyCreatedIssues_8" align="center" dataReference.idref="process_environment"/>
        <column id="LC_MyCreatedIssues_9" align="center" dataReference.idref="cst_modelname"/>
        <column id="LC_MyCreatedIssues_10" align="center" dataReference.idref="cst_process"/>
        <!--<column id="LC_MyCreatedIssues_11" align="center" dataReference.idref="issueRelevantObjects"/>-->
        <column id="LC_MyCreatedIssues_12" align="center" dataReference.idref="replanned"/>
        <column id="LC_MyCreatedIssues_13" align="center" dataReference.idref="business_unit"/>
        <!--<column id="LC_MyCreatedIssues_14" align="center" dataReference.idref="issue_date"/>-->      
        <column id="LC_MyCreatedIssues_15" align="center" dataReference.idref="cst_rescheduling"/>
        <column id="LC_MyCreatedIssues_16" align="center" dataReference.idref="cst_plandtini"/>
        <column id="LC_MyCreatedIssues_17" align="center" dataReference.idref="cst_aging_plan"/>
        <column id="LC_MyCreatedIssues_18" align="center" dataReference.idref="cst_aging_pend"/>      
        <listButtons>
            <buttonReference button.idref="LIST_CREATE"/>
            <buttonReference button.idref="LIST_OPEN"/>
            <buttonReference button.idref="LIST_DELETE"/>
            <buttonReference button.idref="PDF_REPORT"/>
            <buttonReference button.idref="EXCEL_REPORT"/>
        </listButtons>
        <rowButtons>
            <buttonReference button.idref="RELATION_POPUP"/>
            <buttonReference button.idref="LISTROW_DELETE"/>
        </rowButtons>
    </list>
	
	</custom>
