<?xml version="1.0" encoding="UTF-8"?>
<custom xmlns:xsi="http://www.w3.org/2001/XMLSchema-instance" xsi:noNamespaceSchemaLocation="../xsd/custom.xsd">

	<view id="custom_TestCase2Control" view.parameter="DISTINCT" relevantForMashzoneIntegration="true">
		<viewObject id="VO_testcase" objectType="TESTCASE" isMainViewObject="true">
			<viewColumn id="tc_id" attributeType="obj_id" isSelectColumn="true"/>
		</viewObject>
		<viewObject id="VO_controle" objectType="CONTROL">
            <viewColumn id="ct_id" attributeType="obj_id" isSelectColumn="true"/>
            <viewColumn id="ct_name" attributeType="name" isSelectColumn="true"/>
		</viewObject>
		<link linktype.id="16" firstViewObject="VO_testcase" secondViewObject="VO_controle"/>
		<conditions>
			<compoundCondition conditionConnect="AND">
				<condition column.id="tc_id" compareType="EQ" currentObjectType.id="TESTCASE" currentAttributeType.id="obj_id"/>
				<condition column.id="tc_id" compareType="EQ"/>
			</compoundCondition>
		</conditions>
	</view>

</custom>