<?xml version="1.0" encoding="UTF-8"?>
<custom xmlns:xsi="http://www.w3.org/2001/XMLSchema-instance" xsi:noNamespaceSchemaLocation="../xsd/custom.xsd">
 
    <list id="IssueReviewer2"
         view.idref="IssueReviewer2"
         filter.idref="issueReviewer2"
         idColumn.idref="IssueID"
         defaultOrderColumn.idref="IssueID"
         allowMarkAsIssueRelevant="true"
         relatedObjectType.idref="ISSUE"
         propertyKey="list.IssueReviewer.DBI">
        <simpleFilterRow>
            <simpleFilter filterRow.idref="IssueID"/>
            <simpleFilter filterRow.idref="remediationPlannedBefore"/>
        </simpleFilterRow>
        <simpleFilterRow>
            <simpleFilter filterRow.idref="name"/>
            <simpleFilter filterRow.idref="description"/>
        </simpleFilterRow>
        <extendedFilterRow>
            <extendedFilter filterRow.idref="owner_name"/>
            <extendedFilter filterRow.idref="creator_name"/>
        </extendedFilterRow>
        <extendedFilterRow>
            <extendedFilter filterRow.idref="owner_status"/>
            <extendedFilter filterRow.idref="reviewer_status"/>
        </extendedFilterRow>
        <extendedFilterRow>
            <extendedFilter filterRow.idref="remark"/>
            <extendedFilter filterRow.idref="remediationMeasure"/>
        </extendedFilterRow>
        <extendedFilterRow>
            <extendedFilter filterRow.idref="category"/>
            <extendedFilter filterRow.idref="creator_status"/>
        </extendedFilterRow>
        <extendedFilterRow>
            <extendedFilter filterRow.idref="created_by_testcase"/>
            <extendedFilter filterRow.idref="deactivated"/>
        </extendedFilterRow>
        <listHeaderRow>
            <listHeader column="LC_IssueReviewer_1" propertyKey="tableheader.issue.id.DBI" width="8%"/>
           	<listHeader column="LC_IssueReviewer_11" propertyKey="tableheader.issue.action_type.DBI" width="10%"/> 
            <listHeader column="LC_IssueReviewer_2" propertyKey="tableheader.issue.name.DBI" width="15%"/>
            <listHeader column="LC_IssueReviewer_3" propertyKey="tableheader.issue.priority.DBI" width="7%"/>
            <listHeader column="LC_IssueReviewer_4" propertyKey="tableheader.issue.creator.DBI" width="11%"/>
            <listHeader column="LC_IssueReviewer_5" propertyKey="tableheader.issue.remedationPlannedBefore.short.DBI" tooltip="tableheader.issue.remedationPlannedBefore.DBI" width="8%"/>
            <listHeader column="LC_IssueReviewer_6" propertyKey="tableheader.issue.ownerStatus.short.DBI" tooltip="tableheader.issue.ownerStatus.DBI" width="5%"/>
            <listHeader column="LC_IssueReviewer_7" propertyKey="tableheader.issue.reviewerStatus.short.DBI" tooltip="tableheader.issue.reviewerStatus.DBI" width="5%"/>
            <listHeader column="LC_IssueReviewer_8" propertyKey="tableheader.issue.stateTime.short.DBI" tooltip="tableheader.issue.stateTime.DBI" width="5%"/>
            <listHeader column="LC_IssueReviewer_9" propertyKey="tableheader.description" width="18%"/>
            <listHeader column="LC_IssueReviewer_10" propertyKey="tableheader.issue.remediationMeasure.DBI" width="18%"/>
        </listHeaderRow>
        <column id="LC_IssueReviewer_1" dataReference.idref="IssueID" template="openObject">
            <parameter name="idColumn" value="IssueID"/>
        </column>
        
        <column id="LC_IssueReviewer_11" dataReference.idref="action_type" >
            <parameter name="showText" value="action_type"/>
        </column>
                
        <column id="LC_IssueReviewer_2" dataReference.idref="name"/>
        <column id="LC_IssueReviewer_3" align="center" dataReference.idref="priority">
            <parameter name="showText" value="false"/>
        </column>
        <column id="LC_IssueReviewer_4" dataReference.idref="creator_name" template="object">
            <parameter name="deactivatedColumn" value="creator_deactivated"/>
        </column>
        <column id="LC_IssueReviewer_5" align="center" dataReference.idref="plannedenddate"/>
        <column id="LC_IssueReviewer_6" align="center" dataReference.idref="owner_status">
            <parameter name="showText" value="false"/>
        </column>
        <column id="LC_IssueReviewer_7" align="center" dataReference.idref="reviewer_status">
            <parameter name="showText" value="false"/>
        </column>
        <column id="LC_IssueReviewer_8" align="center" dataReference.idref="stateTime">
            <parameter name="showText" value="false"/>
        </column>
        <column id="LC_IssueReviewer_9" dataReference.idref="description"/>
        <column id="LC_IssueReviewer_10" dataReference.idref="remediationMeasure"/>
        <listButtons>
            <buttonReference button.idref="LIST_OPEN"/>
            <buttonReference button.idref="PDF_REPORT"/>
            <buttonReference button.idref="EXCEL_REPORT"/>
        </listButtons>
        <rowButtons>
            <buttonReference button.idref="RELATION_POPUP"/>
        </rowButtons>
    </list>
 	
	</custom>
