<?xml version="1.0" encoding="UTF-8"?>
<custom xmlns:xsi="http://www.w3.org/2001/XMLSchema-instance" xsi:noNamespaceSchemaLocation="../xsd/custom.xsd">
	<roles>
	
		<role id="controlexecutionowner" level="CO" licensedComponentIds="rm tm" userLicenses="operate">
	        <system component.idref="view.control"/>
	        <system component.idref="view.controlexecutiontask"/>
	        <system component.idref="view.owner.controlexecution"/>
	        <system component.idref="view.mashzone.url.builder"/>
	        <!-- Inicio REO 01.09.2017 - Riscos Corporativos -->
<!-- 	        <object right.idref="r" objectType.id="HIERARCHY"/> -->
	        <object right.idref="rw---" objectType.id="HIERARCHY"/>
			<!-- Fim REO 01.09.2017 - Riscos Corporativos -->
	        <object right.idref="r----" objectType.id="USERGROUP"/>
	        <object right.idref="rw---" objectType.id="CONTROL"/>
	        <object right.idref="r----" objectType.id="CONTROLEXECUTIONTASK"/>
	        <object right.idref="rw-du" objectType.id="CONTROLEXECUTION">
	            <relation right.idref="ar" listAttrType.id="execution_documents"/>
	        </object>
	        <object right.idref="rw---" objectType.id="RISK" />
    	</role>
    	
	</roles>
</custom>