<?xml version="1.0" encoding="UTF-8"?>
<custom xmlns:xsi="http://www.w3.org/2001/XMLSchema-instance" xsi:noNamespaceSchemaLocation="../xsd/custom.xsd">

	<filter id="myTasks" dataSource.idref="myTasks">
        <filterRow id="object_id" propertyKey="filter.row.tasks.id.DBI">
            <filterElement dataReference.idref="object_id"/>
        </filterRow>
        <filterRow id="object_name" propertyKey="filter.row.tasks.name.DBI">
            <filterElement dataReference.idref="object_name"/>
        </filterRow>
        <filterRow id="clientSigns" propertyKey="filter.row.client.sign.DBI">
            <filterElement dataReference.idref="task_clientSigns" filterType="containerClientSign" compareType="like"/>
        </filterRow>
        <filterRow id="duedate" propertyKey="filter.row.task.due.date.DBI">
            <filterCell>
                <filterElement dataReference.idref="task_enddate"  >
                    <parameter name="propertyKey" value="filter.from.DBI"/>
                    <filterType.parameter name="daterange" value="task_enddate_to"/>
                </filterElement>
                <filterElement dataReference.idref="task_enddate_to"  >
                    <parameter name="propertyKey" value="filter.to.DBI"/>
                </filterElement>
            </filterCell>
        </filterRow>
        <filterRow id="status" propertyKey="filter.row.tasks.status.DBI">
            <filterElement dataReference.idref="task_status" default="1"/>
        </filterRow>
        <filterRow id="object_objtype" propertyKey="filter.row.tasks.objecttype.DBI">
            <filterElement dataReference.idref="object_objtype" default="-1" filterType="taskObjectTypes" template="predefinedValues"/>
        </filterRow>

		<!--  EV131854 - O plano de ação não aparece em "Minhas Tarefas" -->
<!--  		<filterRow id="action_type"> -->
<!--             <filterElement dataReference.idref="action_type"  > -->
<!--                 <parameter name="showAll" value="false"/> -->
<!--             </filterElement> -->
<!--         </filterRow> -->
        <!--  EV131854 - O plano de ação não aparece em "Minhas Tarefas" -->
        
        <filterRow id="groups">
            <filterElement dataReference.idref="group_id" filterType="myUserGroups" >
                <filterType.parameter name="hidden" value="true" />
            </filterElement>
        </filterRow>
    </filter>

</custom>    