<?xml version="1.0" encoding="UTF-8"?>
<custom xmlns:xsi="http://www.w3.org/2001/XMLSchema-instance" xsi:noNamespaceSchemaLocation="../xsd/custom.xsd">
    
<!-- Inicio REO 24.11.2017 - EV109172 -->   
	<filter id="custom_control_sel_filter" dataSource.idref="custom_control_selection">
        <filterRow id="control_id">
            <filterElement dataReference.idref="ct_id"  />
        </filterRow>
        <filterRow id="control_name">
            <filterElement dataReference.idref="ct_name"  />
        </filterRow>
    </filter>	
<!-- Fim REO 24.11.2017 - EV109172 -->
    
</custom>