<?xml version="1.0" encoding="UTF-8"?>
<custom xmlns:xsi="http://www.w3.org/2001/XMLSchema-instance" xsi:noNamespaceSchemaLocation="../xsd/custom.xsd">
	
	<form id="FORM_AUDIT">
        <logToolbarButtons>
            <buttonReference button.idref="ARIS_REPORT"/>
        </logToolbarButtons>
        <formButtons>
            <buttonReference button.idref="OBJECT_SAVE"/>
            <buttonReference button.idref="OBJECT_SAVE_AND_NEXT"/>
            <buttonReference button.idref="OBJECT_DELETE"/>
            <buttonReference button.idref="OBJECT_REACTIVATE"/>
            <buttonReference button.idref="PDF_REPORT"/>
        </formButtons>
        <page id="audit" licensedComponentIds="am">
            <rowGroup id="audit.1">
                <row id="obj_id">
                    <element attribute.idref="obj_id"/>
                </row>
                <row id="client_sign">
                    <element attribute.idref="client_sign"/>
                </row>
                <row id="name">
                    <element attribute.idref="name"/>
                </row>
                <row id="description">
                    <element attribute.idref="description"/>
                </row>

               
                
                <!-- Customizations of GAU01 -->
                <!-- Removal of fields
                 <row id="audittemplate">
                    <element attribute.idref="audittemplate"/>
                </row>
                <row id="objectives">
                    <element attribute.idref="objectives"/>
                </row>
                 <row id="scope">
                    <element attribute.idref="scope">
                        <parameter name="selectionList" value="AUTO"/>
                        <button.remove location="row" button.idref="RELATION_OPEN"/>
                        <button.remove location="toolbar" button.idref="RELATION_OPEN"/>
                    </element>
                </row>
                <row id="audit_client">
                    <element attribute.idref="audit_client"/>
                </row>
                <row id="audittype">
                    <element attribute.idref="audittype">
                        <javaScriptEvent expression="aam_objectcommand('cache');" name="onChange"/>
                    </element>
                </row>
                <row id="audittype_text">
                    <element attribute.idref="audittype_text"/>
                </row>
                -->
                
                <row id="risk">
                    <element attribute.idref="risk">
                        <parameter name="selectionList" value="AUTO:ignoreRoleRestriction=true"/>
                    </element>
                </row>
                <row id="methodology">
                    <element attribute.idref="methodology">
                        <parameter name="selectionList" value="AUTO"/>
                    </element>
                </row>
                <row id="regulation">
                    <element attribute.idref="regulation">
                        <parameter name="selectionList" value="AUTO"/>
                    </element>
                </row>
                <row id="process">
                    <element attribute.idref="process">
                        <parameter name="selectionList" value="AUTO"/>
                    </element>
                </row>
                <!-- End of Customizations of GAU01 -->
                
                
                <row id="documents">
                    <element attribute.idref="documents" template="doclink">
                        <parameter name="selectionList" value="AUTO"/>
                    </element>
                </row>
                <row id="predecessor">
                    <element attribute.idref="predecessor">
                        <parameter name="selectionList" value="AUTO"/>
                    </element>
                </row>
                <row id="followup">
                    <element attribute.idref="followup">
                        <parameter name="selectionList" value="AUTO"/>
                    </element>
                </row>
            </rowGroup>
            <rowGroup id="audit.2">

                <row id="progressCustom" protocolRelevant="false" propertyKey="form.row.audit.progress.DBI">
                    <element attribute.idref="obj_id" template="formCompleteness">
                        <parameter name="viewName" value="customShowAuditCompleteness"/>
                        <parameter name="totalProperty" value="percentage_total"/>
                        <parameter name="progressProperty" value="percentage_completed"/>
                    </element>
                </row>
                <!-- Preparation start date copied from audit template -->
                <row id="plannedstartdate">
                    <element attribute.idref="plannedstartdate"/>
                </row>
                <row id="planned_auditperiod" propertyKey="form.row.audit.period.DBI">
                    <cell separator=" - ">
                        <element attribute.idref="auditstartdate"/>
                        <element attribute.idref="auditenddate"/>
                    </cell>
                </row>
                <row id="actual_auditperiod" propertyKey="form.row.audit.period.actual.DBI">
                    <cell separator=" - ">
                        <element attribute.idref="actualstartdate"/>
                        <element attribute.idref="actualenddate"/>
                    </cell>
                </row>
                <row id="control_period" propertyKey="form.row.control.period.DBI">
                    <cell separator=" - ">
                        <element attribute.idref="controlstartdate"/>
                        <element attribute.idref="controlenddate"/>
                    </cell>
                </row>
                <row id="execution_date">
                    <element attribute.idref="execution_date"/>
                </row>
                <row id="owner">
                    <element attribute.idref="owner" template="userSubstitute">
                        <parameter name="substitute" value="owner_substitute"/>
                    </element>
                </row>
            </rowGroup>
            <!--<rowGroup id="audit.3">
                <row id="progress" protocolRelevant="false" propertyKey="form.row.audit.progress.DBI">
                    <element attribute.idref="obj_id" template="formCompleteness">
                        <parameter name="viewName" value="showAuditCompleteness"/>
                        <parameter name="totalProperty" value="totalNumberOfSteps"/>
                        <parameter name="progressProperty" value="completed"/>
                    </element>
                </row>
            </rowGroup>-->
            <rowGroup id="audit.4">
                <row id="duestatus">
                    <element attribute.idref="duestatus"/>
                </row>
                <row id="owner_group">
                    <element attribute.idref="owner_group">
                        <parameter name="selectionList" value="AUTO"/>
                    </element>
                </row>
                <row id="owner_status">
                    <element attribute.idref="owner_status" template="auditOwnerStatus">
                        <javaScriptEvent expression="aam_objectcommand('cache');" name="onChange"/>
                    </element>
                </row>
                <row id="notconformreason">
                    <element attribute.idref="notconformreason"/>
                </row>
                <row id="auditconclusion">
                    <element attribute.idref="auditconclusion"/>
                </row>
                <row id="conclusiondocuments">
                    <element attribute.idref="conclusiondocuments" template="doclink">
                        <parameter name="selectionList" value="AUTO"/>
                    </element>
                </row>
            </rowGroup>
            <rowGroup id="audit.5">
                <row id="steps">
                    <element attribute.idref="steps">
                        <parameter name="selectionList" value="AUTO:hierarchyRoot=audit,skipRightsConditionForRoleLevels=object"/>
                        <parameter name="allowReorder" value="true"/>
                        <parameter name="command" value="edit"/>
                        <button.add button.idref="RELATION_CREATE" location="toolbar" type="writable"/>
                    </element>
                </row>
            </rowGroup>
            <rowGroup id="audit.6">
                <row id="reviewer_group">
                    <element attribute.idref="reviewer_group" >
                        <parameter name="selectionList" value="AUTO" />
                    </element>
                </row>
                <row id="reviewer_status">
                    <element attribute.idref="reviewer_status">
                        <javaScriptEvent expression="aam_objectcommand('cache');" name="onChange"/>
                    </element>
                </row>
                <row id="reviewer_remark">
                    <element attribute.idref="reviewer_remark"/>
                </row>
                <row id="reviewer_documents">
                    <element attribute.idref="reviewer_documents" template="doclink">
                        <parameter name="selectionList" value="AUTO"/>
                    </element>
                </row>
            </rowGroup>
            <rowGroup id="audit.7">
                <row id="auditor_group">
                    <element attribute.idref="auditor_group" >
                        <parameter name="selectionList" value="AUTO" />
                    </element>
                </row>
            </rowGroup>
        </page>
    </form>
	
	</custom>