<?xml version="1.0" encoding="UTF-8"?>
<custom xmlns:xsi="http://www.w3.org/2001/XMLSchema-instance" xsi:noNamespaceSchemaLocation="../xsd/custom.xsd">

	<view id="custom_CET2CE" view.parameter="DISTINCT" relevantForMashzoneIntegration="true">
		<viewObject id="VO_cetask" objectType="CONTROLEXECUTIONTASK" isMainViewObject="true">
			<viewColumn id="cetask_id" attributeType="obj_id" isSelectColumn="true"/>
			<viewColumn id="cetask_name" attributeType="name" isSelectColumn="true"/>	
			<viewColumn id="cetask_deactivated" attributeType="deactivated" isSelectColumn="true"/>
		</viewObject>
		<viewObject id="VO_ce" objectType="CONTROLEXECUTION">
            <viewColumn id="ce_id" attributeType="obj_id" isSelectColumn="true"/>
            <viewColumn id="ce_status" attributeType="custom_controlexecstatus" isSelectColumn="true"/>
            <viewColumn id="ce_create_date" attributeType="create_date" isSelectColumn="true" isSortable="true"/>
            <viewColumn id="ce_owner_status" attributeType="owner_status" isSelectColumn="true"/>
            <viewColumn id="ce_version_number" attributeType="version_number" isSelectColumn="true"/>
            <viewColumn id="ce_version_active" attributeType="version_active" />
            <viewColumn id="ce_deactivated" attributeType="deactivated" />
		</viewObject>
		<link linktype.id="6055" firstViewObject="VO_cetask" secondViewObject="VO_ce"/>
		<conditions>
			<compoundCondition conditionConnect="AND">
				<condition column.id="ce_version_active" compareType="EQ" value="true"/>
				<condition column.id="cetask_id" compareType="EQ" currentObjectType.id="CONTROLEXECUTIONTASK" currentAttributeType.id="obj_id"/>
				<condition column.id="cetask_id" compareType="EQ"/>
<!-- 				<condition column.id="ce_owner_status" compareType="EQ" value="3"/> -->
				<condition column.id="cetask_deactivated" compareType="EQ"/>
				<condition column.id="ce_deactivated" compareType="EQ"/>
			</compoundCondition>
		</conditions>
	</view>

</custom>