<?xml version="1.0" encoding="UTF-8"?>
<custom xmlns:xsi="http://www.w3.org/2001/XMLSchema-instance" xsi:noNamespaceSchemaLocation="../xsd/custom.xsd">
	<roles>
	
		<role id="tester" level="O" licensedComponentIds="tm" userLicenses="operate">
			<system component.idref="view.open.testactions"/>
			<system component.idref="send.recommendation"/>
			<system component.idref="view.mashzone.url.builder"/>
			<object right.idref="r----" objectType.id="HIERARCHY"/>
			<object right.idref="r----" objectType.id="USERGROUP"/>
			<object right.idref="rwc--" objectType.id="RISK"/>
			<object right.idref="r----" objectType.id="CONTROL"/>
	        <object right.idref="r----" objectType.id="CONTROLEXECUTION"/>
			<object right.idref="r----" objectType.id="TESTDEFINITION"/>
			<object right.idref="rw---" objectType.id="TESTCASE">
				<relation right.idref="ar" listAttrType.id="recommendations"/>
				<relation right.idref="ar" listAttrType.id="documents"/>
	        </object>
			<object right.idref="rwc--" objectType.id="RECOMMENDATION"/>
			<object right.idref="r--d-" objectType.id="OFFLINEPROCESSINGENTRY"/>
	        <object right.idref="r----" objectType.id="SURVEY"/>
	        <object right.idref="r----" objectType.id="QUESTIONNAIRE"/>
	    </role>
	
	</roles>
</custom>