<?xml version="1.0" encoding="UTF-8"?>
<custom xmlns:xsi="http://www.w3.org/2001/XMLSchema-instance" xsi:noNamespaceSchemaLocation="../xsd/custom.xsd">
	
<!-- Início FCT 22.12.2017 - EV109172 -->	
	<list id="custom_area_sel"
          view.idref="custom_area_selection"
          filter.idref="custom_area_sel_filter"
          idColumn.idref="area_id"
          defaultOrderColumn.idref="area_id"
          nameColumn.idref="area_name"
          destAttributeType.idref="area"
          destDataType.idref="AUDITSTEPTEMPLATE"
          frame="popup"
          listType="selection"
          relatedObjectType.idref="HIERARCHY"
          useCheckBoxes="false">
<!-- 		<simpleFilterRow> -->
<!-- 			<simpleFilter filterRow.idref="area_id"/> -->
<!-- 			<simpleFilter filterRow.idref="area_name"/> -->
<!-- 		</simpleFilterRow> -->
		<listHeaderRow>
			<listHeader column="LC_Corprisk_0" propertyKey="tableheader.areasel.id"    width="20%"/>
			<listHeader column="LC_Corprisk_1" propertyKey="tableheader.areasel.name"  width="80%"/>
		</listHeaderRow>
		<column id="LC_Corprisk_0" align="left" dataReference.idref="area_areaid" />
		<column id="LC_Corprisk_1" align="left" dataReference.idref="area_name" template="openObject" />
		<listButtons/>
		<rowButtons>
            <buttonReference button.idref="LISTROW_ATTACH_DEST"/>
		</rowButtons>
	</list>
<!-- Fim FCT 22.12.2017 - EV109172 -->	

</custom>