<?xml version="1.0" encoding="UTF-8"?>
<custom xmlns:xsi="http://www.w3.org/2001/XMLSchema-instance" xsi:noNamespaceSchemaLocation="../xsd/custom.xsd">
    
<!-- Início FCT 22.12.2017 - EV109172 -->
<!-- Filtro utilizado pela lista custom_lists_customizedlist_custom_process_sel.xml    -->
<!-- Os dados dessa lista são provenientes da VIEW custom_views_customizedviews_custom_process_selection.xml  -->
	<filter id="custom_process_sel_filter" dataSource.idref="custom_process_selection">
        <filterRow id="process_id">
            <filterElement dataReference.idref="process_id"  />
        </filterRow>
        <filterRow id="process_name">
            <filterElement dataReference.idref="process_name"  />
        </filterRow>
    </filter>	
<!-- Fim FCT 22.12.2017 - EV109172 -->
    
</custom>