<?xml version="1.0" encoding="UTF-8"?>
<custom xmlns:xsi="http://www.w3.org/2001/XMLSchema-instance" xsi:noNamespaceSchemaLocation="../xsd/custom.xsd">
<navigation xmlns:xsi="http://www.w3.org/2001/XMLSchema-instance" xsi:noNamespaceSchemaLocation="../xsd/navigation.xsd">

<!--     <nav.module module.id="module.home" propertyKey="module.home.DBI" alignment="TOP_NAVIGATION"> -->
	<nav.module module.id="module.home" propertyKey="module.home.DBI">
        <nav.data.grid dataGrid.idref="myTasks" />
        <nav.data.grid dataGrid.idref="myope" >
            <nav.access>
                <nav.access.privilege relatedObjectTypeID="OFFLINEPROCESSINGENTRY" objectPrivilege="READ"/>
            </nav.access>
        </nav.data.grid>
        <nav.data.grid dataGrid.idref="MyIssueRelevantObjects">
            <nav.access>
                <nav.access.component licensedComponentIDs="im"/>
                <nav.access.privilege relatedObjectTypeID="ISSUE" objectPrivilege="CREATE"/>
            </nav.access>
        </nav.data.grid>
        <nav.data.grid dataGrid.idref="internalMessages" />
        <nav.data.grid dataGrid.idref="recentReports" />
        <nav.data.grid dataGrid.idref="myDashboards">
            <nav.access>
                <nav.access.privilege componentPrivilegeIDs="view.home.dashboards"/>
            </nav.access>
                <nav.runtimeaccess id="myDashboardsAccess">
            </nav.runtimeaccess>
        </nav.data.grid>
    </nav.module>

</navigation>
</custom>