<?xml version="1.0" encoding="UTF-8"?>
<custom xmlns:xsi="http://www.w3.org/2001/XMLSchema-instance" xsi:noNamespaceSchemaLocation="../xsd/custom.xsd">

    <workflow objectType.id="riskassessment">

        <state.initial>
            <prepare chain.id="prepareJob">
                <permission.job id="generatorJob"/>
            </prepare>
            <!-- for event-driven creation and data generator -->
            <prepare chain.id="prepareManual">
                <permission.workflow id="riskassessment"/>
                <permission.job id="eventImportJob"/>
            </prepare>
        </state.initial>

        <state.prepared>
            <insert chain.id="insertJob" to.state.id="openForExecution">
                <permission.job id="generatorJob"/>
            </insert>
            <!-- for event-driven creation and data generator -->
            <insert chain.id="insertManual" to.state.id="openForExecution">
                <permission.workflow id="riskassessment"/>
                <permission.job id="eventImportJob"/>
            </insert>
        </state.prepared>

        <state id="openForExecution">
            <attribute id="owner_status" 		value="open"/>
            <attribute id="reviewer_status" 	value="to_be_reviewed"/>
            <transitions>
                <update to.state.id="openForExecution" chain.id="executionInProgress">
                    <attribute.change id="owner_status"     to="open"/>
                </update>
                <update to.state.id="openForReview" chain.id="executionAssessed">
                    <attribute.change id="owner_status" to="assessed"/>
                </update>
                <!-- Inicio GAP - GRC29 -->
<!--                 <update to.state.id="openForReview" chain.id="executionAssessmentNotPossible"> -->
<!--                     <attribute.change id="owner_status" to="assessment_not_possible"/> -->
<!--                 </update> -->
				<!-- Fim GAP - GRC29 -->
                <update to.state.id="closedByJob" chain.id="executionNotAssessed">
                    <permission.workflow id="riskassessment" />
                    <permission.job id="monitorJob"/>
                    <attribute.change id="owner_status" to="not_assessed"/>
                </update>
                <delete to.state.id="deleted" chain.id="delete"/>
            </transitions>
        </state>

        <state id="openForReview">
            <attribute id="owner_status" 	    value="to_be_reviewed"/>
            <attribute id="reviewer_status"	    value="unspecified"/>
            <transitions>
                <update to.state.id="closedByUser" chain.id="reviewAgreed">
                    <attribute.change id="reviewer_status" to="agreed"/>
                </update>
                <update to.state.id="openForExecution" chain.id="reviewReopen">
                    <attribute.change id="reviewer_status" to="disagreed"/>
                </update>
            </transitions>
        </state>

        <state id="closedByUser">
            <attribute id="reviewer_status"	value="agreed"/>
        </state>

        <state id="closedByJob">
            <attribute id="owner_status" 	value="not_assessed"/>
        </state>

        <state.deleted id="deleted">
            <recover to.state.id="openForExecution" chain.id="recover"/>
        </state.deleted>

    </workflow>
    
</custom>
        
