<?xml version="1.0" encoding="UTF-8"?>
<custom xmlns:xsi="http://www.w3.org/2001/XMLSchema-instance" xsi:noNamespaceSchemaLocation="../xsd/custom.xsd">
	<roles>
	
		<role id="riskowner" level="O" licensedComponentIds="rm" userLicenses="operate">
			<system component.idref="view.risk"/>
			<system component.idref="view.open.riskassessments" />
			<system component.idref="view.incidents" />
			<system component.idref="view.losses" />
			<system component.idref="view.mashzone.url.builder"/>
			<object right.idref="r----" objectType.id="HIERARCHY"/>
			<object right.idref="r----" objectType.id="USERGROUP"/>
			<object right.idref="rw---" objectType.id="RISK" />
			<object right.idref="r----" objectType.id="CONTROL" />
			<object right.idref="r----" objectType.id="TESTDEFINITION" />
			<object right.idref="r----" objectType.id="TESTCASE" />
			<object right.idref="rwc--" objectType.id="RISKASSESSMENT">
				<action actionRight.idref="transfer.values"/>
				<relation right.idref="ar" listAttrType.id="documents"/>
	            <relation right.idref="ar" listAttrType.id="owner_group"/>
				<relation right.idref="ar" listAttrType.id="owner"/>
				<relation right.idref="ar" listAttrType.id="owner_substitute"/>
	            <relation right.idref="ar" listAttrType.id="reviewer_group"/>
	            <relation right.idref="ar" listAttrType.id="risk"/>
			</object>
	        <object right.idref="r----" objectType.id="IMPACTTYPE" />
	        <object right.idref="rwc--" objectType.id="RA_IMPACTTYPE" >
	            <relation right.idref="ar" listAttrType.id="lossQual"/>
	            <relation right.idref="ar" listAttrType.id="frequLossQual"/>
	            <relation right.idref="ar" listAttrType.id="redLossQual"/>
	            <relation right.idref="ar" listAttrType.id="redFrequLossQual"/>
	        </object>
			<object right.idref="r--d-" objectType.id="OFFLINEPROCESSINGENTRY"/>
			<object right.idref="r----" objectType.id="INCIDENT"/>
			<object right.idref="r----" objectType.id="LOSS"/>
			<object right.idref="r----" objectType.id="POLICY"/>
	        <object right.idref="r----" objectType.id="SURVEY"/>
	        <object right.idref="r----" objectType.id="QUESTIONNAIRE"/>
	        <object right.idref="r----" objectType.id="QUOTATION" />
	        <object right.idref="r----" objectType.id="FREQUENCY" />
	    </role>	
	
	</roles>
</custom>