<?xml version="1.0" encoding="UTF-8"?>
<custom xmlns:xsi="http://www.w3.org/2001/XMLSchema-instance" xsi:noNamespaceSchemaLocation="../xsd/custom.xsd">
    
	<enum id="initiators" isMultiple="false" type="Number" itemClass="MessageTemplateEnumerationItem">
        <enumitem id="all" value="-1" extendedMeaning="all" formRelevant="false" />
        <enumitem id="undefined" value="0" extendedMeaning="please_select" formRelevant="false" filterRelevant="false"/>

        <enumitem id="testcase_noneffective" value="7"/>
        <enumitem id="testcase_measure_deactivated" value="8"/>
        <enumitem id="testcase_issue_reactivated" value="4009"/>
        <enumitem id="testcase_rejected" value="4010"/>

        <enumitem id="xmlexportjob_successful" value="20">
            <parameter name="Scope" value="site" />
        </enumitem>
        <enumitem id="xmlexportjob_failed" value="21">
            <parameter name="Scope" value="site" />
        </enumitem>
        <enumitem id="xmlimportjob_successful" value="22">
            <parameter name="Scope" value="site" />
        </enumitem>
        <enumitem id="xmlimportjob_failed" value="23">
            <parameter name="Scope" value="site" />
        </enumitem>

        <enumitem id="issue_responsible_assigned" value="24">
            <parameter name="Scope" value="site" />
        </enumitem>
        <enumitem id="issue_set_on_hold" value="25">
            <parameter name="Scope" value="site" />
        </enumitem>
        <enumitem id="issue_to_be_approved" value="26">
            <parameter name="Scope" value="site" />
        </enumitem>
        <enumitem id="issue_set_in_process" value="27">
            <parameter name="Scope" value="site" />
        </enumitem>
        <enumitem id="issue_approved" value="28">
            <parameter name="Scope" value="site" />
        </enumitem>
        <enumitem id="issue_not_approved" value="29">
            <parameter name="Scope" value="site" />
        </enumitem>
        <enumitem id="issue_overdue" value="30">
            <parameter name="Scope" value="site" />
        </enumitem>

        <enumitem id="async_report_successful" value="36">
            <parameter name="Scope" value="site" />
        </enumitem>
        <enumitem id="async_report_failed" value="37">
            <parameter name="Scope" value="site" />
        </enumitem>
        <enumitem id="async_report_warning" value="38">
            <parameter name="Scope" value="site" />
        </enumitem>
        <enumitem id="async_report_canceled" value="39">
            <parameter name="Scope" value="site" />
        </enumitem>

        <enumitem id="riskassessment_created" value="40"/>
        <enumitem id="riskassessment_closed_assessed" value="44"/>
        <enumitem id="riskassessment_closed_assessment_not_possible" value="45"/>
        <enumitem id="riskassessment_reopened" value="46"/>
        <enumitem id="riskassessment_threshold_reached" value="47"/>

        <enumitem id="checkout_successful" value="50"/>
        <enumitem id="op_checkin_job_summary" value="51">
            <parameter name="Scope" value="site" />
        </enumitem>
        <enumitem id="op_checkin_verification" value="52">
            <parameter name="Scope" value="site" />
        </enumitem>
        <enumitem id="op_offline_entry_deleted" value="53">
            <parameter name="Scope" value="site" />
        </enumitem>

        <enumitem id="questionnaire_closed_complete" value="58"/>
        <enumitem id="questionnaire_closed_not_answerable" value="59"/>
        <enumitem id="questionnaire_reopened" value="60"/>

        <enumitem id="lossdb_inform_management" value="70"/>
        <enumitem id="lossdb_inform_risk_responsibles" value="71">
            <parameter name="Scope" value="site" />
        </enumitem>
        <enumitem id="lossdb_incident_closed" value="72"/>
        <enumitem id="lossdb_incident_deactivated" value="73"/>
        <enumitem id="lossdb_incident_reactivated" value="74"/>
        <enumitem id="lossdb_incident_accepted" value="75"/>
        <enumitem id="lossdb_incident_rejected" value="76"/>
        <enumitem id="lossdb_loss_closed" value="77"/>
        <enumitem id="lossdb_loss_deactivated" value="78"/>
        <enumitem id="lossdb_loss_accepted" value="79"/>
        <enumitem id="lossdb_loss_rejected" value="80"/>
        
        <enumitem id="recommendation" value="81">
            <parameter name="Mailstrategies" value="email"/>
        </enumitem>

        <enumitem id="adminmessage" value="82"/>
        <enumitem id="feedback" value="83">
            <parameter name="Mailstrategies" value="email"/>
        </enumitem>

        <enumitem id="audit_closed" value="90"/>
        <enumitem id="audit_rejected" value="91"/>
        <enumitem id="audit_deactivated" value="92"/>
        <enumitem id="audit_reopened" value="97"/>
        <enumitem id="audit_step_reopened" value="93"/>
        <enumitem id="audit_step_created" value="94"/>
        <enumitem id="audit_step_closed" value="95"/>
        <enumitem id="audit_step_deactivated" value="96"/>
        <enumitem id="audit_steps_created" value="98"/>

        <enumitem id="generatorjob" value="4001" />
        <enumitem id="followupgeneratorjob" value="4002"/>
        <enumitem id="monitorjob" value="4003" />
        <enumitem id="updaterjob" value="4004" />

        <enumitem id="backup_successful" value="4005"/>
        <enumitem id="backup_failed" value="4006"/>
        <enumitem id="restore_successful" value="4007"/>
        <enumitem id="restore_failed" value="4008"/>

        <enumitem id="policy_created" value="4100" />
        <enumitem id="policy_created_manual" value="4101" />

        <enumitem id="policyapproval_created" value="4103" />
        <enumitem id="policyapproval_disapproved" value="4104" />
        <enumitem id="policyapproval_reopened" value="4105" />

        <enumitem id="policyconfirmation_created" value="4110" />
        <enumitem id="policyconfirmation_rejected" value="4111" />
        <enumitem id="policyconfirmation_reopened" value="4112" />
        <enumitem id="policyconfirmation_notcompleted" value="4113" />

        <enumitem id="policyreview_created" value="4120" />
        <enumitem id="policyreview_created_manual" value="4123" />
        <enumitem id="policyreview_closed" value="4121" />
        <enumitem id="policyreview_retire" value="4122" />
        
        <enumitem id="changereview_created" value="4210" />
        <enumitem id="changereview_update_needed" value="4220" />

        <enumitem id="audittemplate_copied" value="4300"/>
        
        <!-- GAP GRC14 - Novo template de mensagem -->
        <enumitem id="controlexecution_created" value="5000" />
        <enumitem id="riskowner_notification" value="5001" />
        <enumitem id="ceowner_notification" value="5002" />
        <!-- / GAP GRC14 -->
        
    </enum>
    
</custom>