<?xml version="1.0" encoding="UTF-8"?>
<custom xmlns:xsi="http://www.w3.org/2001/XMLSchema-instance" xsi:noNamespaceSchemaLocation="../xsd/custom.xsd">
	
	<objectType id="AUDITSTEPTEMPLATE" xmlexport="true" clientDependent="true" extends="RECURRING"  licensedComponentIds="am"
                displayAttribute="name" descriptionAttributes="description"
                mashzoneId="270" arisImportRole="auditmanager" image="iconlib/icons/content/audit_step_template_16.png">
        <!-- Doc-Name: Name, API-Name: AT_NAME mapped to RECURRING:name -->

        <!-- Doc-Name: Description, API-Name: AT_DESC -->
        <textAttrType id="description"/>

        <!-- Doc-Name: Audit step type, API-Name: AT_AUDIT_STEP_TYPE -->
        <enumAttrType id="step_type" enumeration="auditsteptype" defaultValue="1"/>

        <longAttrType id="processingtime" defaultValue="0" precision="duration">
            <validate name="duration" />
        </longAttrType>

        <!-- Doc-Name: Audit step start date, API-Name: unknown-->
        <dateAttrType id="plannedstartdate">
            <modify name="beginOfDay"/>
        </dateAttrType>

        <!-- Doc-Name: Audit step end date, API-Name: unknown-->
        <dateAttrType id="plannedenddate">
            <validate name="date"/>
            <modify name="endOfDay"/>
        </dateAttrType>

        <!-- Doc-Name: Documents, API-Name: documents-->
        <listAttrType id="documents" objectType.idref="DOCUMENT" linkType="5101"/>

        <!-- Doc-Name: Audit scope, API-Name: unknown-->
        <listAttrType id="scope" maxSize="1" objectType.idref="HIERARCHY" linkType="5070"> <!-- linktype? -->
            <listRestriction>
                <attributeRestriction attribute="type" value="financialaccount"/>
            </listRestriction>
            <listRestriction>
                <attributeRestriction attribute="type" value="orgunit"/>
            </listRestriction>
            <listRestriction>
                <attributeRestriction attribute="type" value="process"/>
            </listRestriction>
            <listRestriction>
                <attributeRestriction attribute="type" value="category"/>
            </listRestriction>
            <listRestriction>
                <attributeRestriction attribute="type" value="applicationsystemtype"/>
            </listRestriction>
        </listAttrType>

				<!-- Customizations of GAU01 -->
				<listAttrType id="area" objectType.idref="HIERARCHY" linkType="21005"> <!-- linktype? -->
            <listRestriction>
                <attributeRestriction attribute="type" value="orgunit"/>
            </listRestriction>
        </listAttrType>
        <listAttrType id="process" objectType.idref="HIERARCHY" linkType="21006">
            <!-- Add List Restrictions -->
            <listRestriction>
                <attributeRestriction attribute="type" value="process"/>
            </listRestriction>
        </listAttrType>
        <listAttrType id="subprocess" objectType.idref="HIERARCHY" linkType="21007">
            <!-- Add List Restrictions -->
            <listRestriction>
                <attributeRestriction attribute="type" value="process"/>
            </listRestriction>
        </listAttrType>
        <listAttrType id="control" objectType.idref="CONTROL" linkType="21008"/>
				<!-- End of Customizations of GAU01 -->

    <longAttrType id="percentage_completed" defaultValue="0" precision="3:0"/>
    <longAttrType id="percentage_total" defaultValue="100" precision="3:0"/>


        <!-- Doc-Name: Audit step owner group, API-Name: unknown-->
        <!-- inheritance attribute taken from RECURRING: owner_group -->
        <listAttrType id="owner_group" maxSize="1" objectType.idref="USERGROUP" linkType="5080">
            <listRestriction>
                <attributeRestriction attribute="role" value="auditstepowner"/>
                <attributeRestriction attribute="rolelevel" value="object"/>
            </listRestriction>
        </listAttrType>

        <!-- Doc-Name: auditsteptemplate, API-Name: unknown-->
        <listAttrType id="steps" objectType.idref="AUDITSTEPTEMPLATE" linkType="5090"  orderType="user" isHierarchical="true"/>
        <listAttrType id="audittemplate" maxSize="1" objectType.idref="AUDITTEMPLATE" linkType="5091" breakCycle="true"/>

        <!-- unused -->
        <!-- inheritance attribute taken from TRANSACTIONAL: reviewer_group -->
        <listAttrType id="reviewer_group" maxSize="1" objectType.idref="USERGROUP" linkType="5100"/>



        <index id="I_AUDITSTEPTEMPLATE_1" type="normal">
            <attributeRef attribute="name"/>
        </index>
    </objectType>
	
</custom>