<?xml version="1.0" encoding="UTF-8"?>
<custom xmlns:xsi="http://www.w3.org/2001/XMLSchema-instance" xsi:noNamespaceSchemaLocation="../xsd/custom.xsd">

	<tabMapping id="control" >
		<tTab page="1" id="control" propertyKey="tab.control.DBI" action="object.do?__commandId=cache&amp;__objectType=control&amp;__formPage=1"  />
		<tTab id="connect" propertyKey="tab.assignment.DBI" access="persistent">
			<tSubTab id="testdefinitions" propertyKey="tab.testdefinitions.DBI"  action="list.do?__commandId=init&amp;__listName=control2testdefinition" objectType="TESTDEFINITION"/>
			<tSubTab id="controlexecutiontasks" propertyKey="tab.controlexecutiontasks.DBI"  action="list.do?__commandId=init&amp;__listName=control2controlexecutiontask" objectType="CONTROLEXECUTIONTASK"/>
			<tSubTab id="risk" propertyKey="tab.risk.DBI"  action="list.do?__commandId=init&amp;__listName=control2risk" objectType="RISK"/>
			<tSubTab id="testcase" propertyKey="tab.testactions.DBI"  action="list.do?__commandId=init&amp;__listName=control2testaction" objectType="TESTCASE"/>
            <tSubTab id="controlexecution" propertyKey="tab.controlexecutions.DBI"  action="list.do?__commandId=init&amp;__listName=customcontrol2controlexecution" objectType="CONTROLEXECUTION"/>
            <tSubTab id="incidents" propertyKey="tab.incidents.DBI"  action="list.do?__commandId=init&amp;__listName=control2incidents" objectType="INCIDENT"/>
            <tSubTab id="surveys" propertyKey="tab.surveys.DBI"  action="list.do?__commandId=init&amp;__listName=control2surveys" objectType="SURVEY" roles="controlmanager" licensedComponentId="sm"/>
            <tSubTab id="questionnaires" propertyKey="tab.questionnaires.DBI"  action="list.do?__commandId=init&amp;__listName=control2questionnaires" objectType="QUESTIONNAIRE" roles="controlmanager" licensedComponentId="sm"/>
        </tTab>
        <tTab id="charts" propertyKey="tab.evaluations.DBI" roles="controlmanager">
            <tSubTab id="trend_analysis" propertyKey="tab.control.chart.trend.analysis.DBI" action="evaluation.do?__commandId=init&amp;__evaluationId=chartControlTrendAnalysis" objectType="CONTROLEXECUTION"  />
        </tTab>
        <tTab id="issue" propertyKey="tab.related.issues.DBI" action="list.do?__commandId=init&amp;__listName=RelatedIssues" objectType="ISSUE"/>
		<tTab id="protocol" propertyKey="tab.protocol.DBI" >
			<tSubTab id="protocol_control" propertyKey="tab.control.DBI" action="object.do?__objectType=control&amp;__commandId=protocol"  />
			<tSubTab id="protocol_testdefinitions" propertyKey="tab.testdefinitions.DBI"  action="object.do?__objectType=control&amp;__commandId=protocol&amp;relationprotocol=testdefinitions" objectType="TESTDEFINITION"/>
 		</tTab>
    </tabMapping>	

</custom>