<?xml version="1.0" encoding="UTF-8"?>
<custom xmlns:xsi="http://www.w3.org/2001/XMLSchema-instance" xsi:noNamespaceSchemaLocation="../xsd/custom.xsd">

    <view id="control2risk" view.parameter="DISTINCT" relevantForMashzoneIntegration="true">
        <viewObject id="VO_risk2control_risk" objectType="RISK" isMainViewObject="true">
            <viewColumn id="risk_obj_id" attributeType="obj_id" isSortable="true" isSelectColumn="true"/> 
            <viewColumn id="risk_name" attributeType="name" isSortable="true" isSelectColumn="true"/>
            <viewColumn id="risk_description" attributeType="description" isSortable="true" isSelectColumn="true"/>
            <viewColumn id="risk_version_active" attributeType="version_active"/>
        </viewObject>
        <viewObject id="VO_risk2control_control" objectType="CONTROL" >
            <viewColumn id="control_obj_id" attributeType="obj_id"/>
            <viewColumn id="control_id" attributeType="control_id" isSelectColumn="true"/>
        </viewObject>
        <link linktype.id="4" firstViewObject="VO_risk2control_risk" secondViewObject="VO_risk2control_control"/>
        <conditions>
            <compoundCondition conditionConnect="AND">
                <condition column.id="risk_version_active" compareType="EQ" value="true"/>
                <!-- Inicio GAP - GRC14 -->
                <condition column.id="control_obj_id" compareType="EQ" currentObjectType.id="CONTROL" currentAttributeType.id="obj_id"/>
<!--                 <condition column.id="control_id" compareType="EQ" currentObjectType.id="CONTROL" currentAttributeType.id="control_id"/> -->
                <!-- Fim GAP - GRC14 -->
            </compoundCondition>
        </conditions>
    </view>  

</custom>