<?xml version="1.0" encoding="UTF-8"?>
<custom xmlns:xsi="http://www.w3.org/2001/XMLSchema-instance"
	xsi:noNamespaceSchemaLocation="../xsd/custom.xsd">
	
<!-- 	<list id="riskcategory2risk_rev_sel" -->
<!--          view.idref="risk" -->
<!--          filter.idref="risk" -->
<!--          idColumn.idref="obj_id" -->
<!--          nameColumn.idref="name" -->
<!--          defaultOrderColumn.idref="name" -->
<!--          destAttributeType.idref="risk_category" -->
<!--          destDataType.idref="RISK" -->
<!--          frame="tabcontent" -->
<!--          listType="selection" -->
<!--          relatedObjectType.idref="RISK"> -->
	
	<list id="riskcategory2risk_rev_sel"
         view.idref="risk"
         filter.idref="risk"
         idColumn.idref="obj_id"
         nameColumn.idref="name"
         defaultOrderColumn.idref="name"
         destAttributeType.idref="risk_category"
         destDataType.idref="RISK"
         frame="tabcontent"
         relatedObjectType.idref="RISK">
        <simpleFilterRow>
			<simpleFilter filterRow.idref="name"/>
			<simpleFilter filterRow.idref="sign"/>
        </simpleFilterRow>
        <listHeaderRow>
			<listHeader column="LC_1_1" propertyKey="tableheader.risk" width="20%"/>
			<listHeader column="LC_1_0" propertyKey="tableheader.client" width="8%"/>
			<listHeader column="LC_1_2" propertyKey="tableheader.process" width="20%"/>
			<listHeader column="LC_1_3" propertyKey="tableheader.function" width="20%"/>
			<listHeader column="LC_1_4" propertyKey="tableheader.description" width="32%"/>
		</listHeaderRow>
		<column id="LC_1_1" dataReference.idref="name" template="openObject">
			<parameter name="idColumn" value="obj_id"/>
		</column>
		<column id="LC_1_0" align="center" dataReference.idref="client_sign" />
		<column id="LC_1_2" dataReference.idref="model_name" />
		<column id="LC_1_3" dataReference.idref="function_name" template="object">
			<parameter name="deactivatedColumn" value="deactivated"/>
		</column>
		<column id="LC_1_4" dataReference.idref="description" />
        <listButtons>
            <buttonReference button.idref="BACK" function="aam_initlist('hierarchy2risk_refs','tabcontent')"/>
            <buttonReference button.idref="LIST_REVERSE_ATTACH"/>
        </listButtons>
        <rowButtons>
            <buttonReference button.idref="LISTROW_REVERSE_ATTACH"/>
        </rowButtons>
    </list>

</custom>