<?xml version="1.0" encoding="UTF-8"?>
<custom xmlns:xsi="http://www.w3.org/2001/XMLSchema-instance" xsi:noNamespaceSchemaLocation="../xsd/custom.xsd">
 
	<list id="MyCreatedIssues2"
         view.idref="MyCreatedIssues2"
         filter.idref="myCreatedIssues2"         
         idColumn.idref="IssueID"
         defaultOrderColumn.idref="IssueID"
         allowMarkAsIssueRelevant="true"
         relatedObjectType.idref="ISSUE"
         propertyKey="list.MyCreatedIssues.DBI">
        <simpleFilterRow>
            <simpleFilter filterRow.idref="IssueID"/>
            <simpleFilter filterRow.idref="remediationPlannedBefore"/>
        </simpleFilterRow>
        <simpleFilterRow>
            <simpleFilter filterRow.idref="name"/>
            <simpleFilter filterRow.idref="description"/>
        </simpleFilterRow>
        <extendedFilterRow>
            <extendedFilter filterRow.idref="owner_name"/>
            <extendedFilter filterRow.idref="reviewer_name"/>
        </extendedFilterRow>
        <extendedFilterRow>
            <extendedFilter filterRow.idref="owner_status"/>
            <extendedFilter filterRow.idref="reviewer_status"/>
        </extendedFilterRow>
        <extendedFilterRow>
            <extendedFilter filterRow.idref="remark"/>
            <extendedFilter filterRow.idref="remediationMeasure"/>
        </extendedFilterRow>
        <extendedFilterRow>
            <extendedFilter filterRow.idref="category"/>
            <extendedFilter filterRow.idref="stateTime"/>
        </extendedFilterRow>
        <extendedFilterRow>
            <extendedFilter filterRow.idref="deactivated"/>
            <extendedFilter filterRow.idref="action_type"/>
        </extendedFilterRow>
        
        
        <listHeaderRow>
            <listHeader column="LC_MyCreatedIssues_1" propertyKey="tableheader.issue.id.DBI" width="8%"/>
 			<listHeader column="LC_MyCreatedIssues_12" propertyKey="tableheader.issue.action_type.DBI" width="12%"/>  
            <listHeader column="LC_MyCreatedIssues_2" propertyKey="tableheader.issue.name.DBI" width="17%"/>
            <listHeader column="LC_MyCreatedIssues_3" propertyKey="tableheader.issue.priority.DBI" width="5%"/>
            <listHeader column="LC_MyCreatedIssues_4" propertyKey="tableheader.issue.remedationPlannedBefore.short.DBI" tooltip="tableheader.issue.remedationPlannedBefore.DBI" width="8%"/>
            <listHeader column="LC_MyCreatedIssues_5" propertyKey="tableheader.issue.creatorStatus.short.DBI" tooltip="tableheader.issue.creatorStatus.DBI" width="5%"/>
            <listHeader column="LC_MyCreatedIssues_6" propertyKey="tableheader.issue.ownerStatus.short.DBI" tooltip="tableheader.issue.ownerStatus.DBI" width="5%"/>
            <listHeader column="LC_MyCreatedIssues_7" propertyKey="tableheader.issue.reviewerStatus.short.DBI" tooltip="tableheader.issue.reviewerStatus.DBI" width="5%"/>
            <listHeader column="LC_MyCreatedIssues_8" propertyKey="tableheader.issue.stateTime.short.DBI" tooltip="tableheader.issue.stateTime.DBI" width="5%"/>
            <listHeader column="LC_MyCreatedIssues_9" propertyKey="tableheader.description" width="17%"/>
            <listHeader column="LC_MyCreatedIssues_10" propertyKey="tableheader.issue.remediationMeasure.DBI" width="17%"/>
            <listHeader column="LC_MyCreatedIssues_11" propertyKey="tableheader.issue.assigned.DBI" width="8%"/>
            
        </listHeaderRow>
        <column id="LC_MyCreatedIssues_1" dataReference.idref="IssueID" template="openObject">
            <parameter name="idColumn" value="IssueID"/>
        </column>
        
        <column id="LC_MyCreatedIssues_12" dataReference.idref="action_type" >
            <parameter name="idColumn" value="action_type"/>
        </column>        
                       
        <column id="LC_MyCreatedIssues_2" dataReference.idref="name"/>
        <column id="LC_MyCreatedIssues_3" align="center" dataReference.idref="priority">
            <parameter name="showText" value="false"/>
        </column>
        <column id="LC_MyCreatedIssues_4" align="center" dataReference.idref="plannedenddate"/>
        <column id="LC_MyCreatedIssues_5" align="center" dataReference.idref="creator_status">
            <parameter name="showText" value="false"/>
        </column>
        <column id="LC_MyCreatedIssues_6" align="center" dataReference.idref="owner_status">
            <parameter name="showText" value="false"/>
        </column>
        <column id="LC_MyCreatedIssues_7" align="center" dataReference.idref="reviewer_status">
            <parameter name="showText" value="false"/>
        </column>
        <column id="LC_MyCreatedIssues_8" align="center" dataReference.idref="stateTime">
            <parameter name="showText" value="false"/>
        </column>
        <column id="LC_MyCreatedIssues_9" dataReference.idref="description"/>
        <column id="LC_MyCreatedIssues_10" dataReference.idref="remediationMeasure"/>
        <column id="LC_MyCreatedIssues_11" align="center" dataReference.idref="owner_id" template="assignmentExist"/>    
                
        <listButtons>
            <buttonReference button.idref="LIST_CREATE"/>
            <buttonReference button.idref="LIST_OPEN"/>
            <buttonReference button.idref="LIST_DELETE"/>
            <buttonReference button.idref="PDF_REPORT"/>
            <buttonReference button.idref="EXCEL_REPORT"/>
        </listButtons>
        <rowButtons>
            <buttonReference button.idref="RELATION_POPUP"/>
            <buttonReference button.idref="LISTROW_DELETE"/>
        </rowButtons>
	</list>
 
	</custom>
