<?xml version="1.0" encoding="UTF-8"?>
<custom xmlns:xsi="http://www.w3.org/2001/XMLSchema-instance" xsi:noNamespaceSchemaLocation="../xsd/custom.xsd">

    <view id="risk2testdefinition" view.parameter="DISTINCT" viewHandler="com.idsscheer.webapps.arcm.dl.framework.viewhandler.CustomRisk2TestDefinitionHandler">
        <viewObject id="VO_risk2testdefinition_1" objectType="TESTDEFINITION" isMainViewObject="true">
            <viewColumn id="client_sign" attributeType="client_sign" isSortable="true" isSelectColumn="true"/>
            <viewColumn id="testdefinition_obj_id" attributeType="obj_id" isSortable="true" isSelectColumn="true"/>
            <viewColumn id="testfrequency" attributeType="frequency" isSortable="true" isSelectColumn="true"/>
            <viewColumn id="testduration" attributeType="duration" isSortable="true" isSelectColumn="true"/>
            <viewColumn id="startdate" attributeType="startdate" isSortable="true" isSelectColumn="true"/>
            <viewColumn id="startdate_2" attributeType="startdate" isSortable="true"/>
            <viewColumn id="testdefinition_version_active" attributeType="version_active"/>
            <viewColumn id="deactivated" attributeType="deactivated" isSelectColumn="true"/>
            <viewColumn id="testdefinition_name" attributeType="name" isSortable="true" isSelectColumn="true"/>
            <viewColumn id="enddate" attributeType="enddate"/>
            <viewColumn id="enddate_2" attributeType="enddate"/>
            <viewColumn id="test_nature" attributeType="test_nature"/>
            <viewColumn id="testtype" attributeType="testtype"/>
            <viewColumn id="guid" attributeType="guid" isSortable="true" isSelectColumn="true"/>
        </viewObject>
        <viewObject id="VO_risk2testdefinition_2" objectType="CONTROL">
            <viewColumn id="control_id" attributeType="obj_id" isSelectColumn="true"/>
            <viewColumn id="control_name" attributeType="name" isSortable="true" isSelectColumn="true"/>
            <viewColumn id="control_version_active" attributeType="version_active"/>
            <viewColumn id="control_deactivated" attributeType="deactivated" isSelectColumn="true"/>
        </viewObject>
        <viewObject id="VO_risk2testdefinition_3" objectType="RISK">
            <viewColumn id="risk_id" attributeType="obj_id"/>
        </viewObject>
        <viewObject id="VO_risk2testdefinition_4" objectType="USERGROUP">
            <viewColumn id="group_id" attributeType="obj_id" isSelectColumn="true"/>
            <viewColumn id="groupname" attributeType="name" isSortable="true" isSelectColumn="true"/>
            <viewColumn id="group_version_active" attributeType="version_active"/>
            <viewColumn id="group_deactivated" attributeType="deactivated" isSelectColumn="true"/>
        </viewObject>
        <viewObject id="VO_testdefinition_managergroup" objectType="USERGROUP">
            <viewColumn id="managergroup_name" attributeType="name" isSortable="true" isSelectColumn="true"/>
            <viewColumn id="manager_group_version_active" attributeType="version_active"/>
            <viewColumn id="manager_group_deactivated" attributeType="deactivated" isSelectColumn="true"/>
        </viewObject>
        <viewObject id="VO_testdefinition_reviewergroup" objectType="USERGROUP">
            <viewColumn id="reviewergroup_name" attributeType="name" isSortable="true" isSelectColumn="true"/>
            <viewColumn id="reviewer_group_version_active" attributeType="version_active"/>
            <viewColumn id="reviewer_group_deactivated" attributeType="deactivated" isSelectColumn="true"/>
        </viewObject>
        <link linktype.id="15" firstViewObject="VO_risk2testdefinition_2" secondViewObject="VO_risk2testdefinition_1"/>
        <link linktype.id="4" firstViewObject="VO_risk2testdefinition_3" secondViewObject="VO_risk2testdefinition_2"/>
        <link linktype.id="3" firstViewObject="VO_risk2testdefinition_1" secondViewObject="VO_risk2testdefinition_4"/>
        <link linktype.id="5815" firstViewObject="VO_risk2testdefinition_1" secondViewObject="VO_testdefinition_managergroup" joinType="LEFT" isParentVersionActive="true"/>
        <link linktype.id="53" firstViewObject="VO_risk2testdefinition_1" secondViewObject="VO_testdefinition_reviewergroup" joinType="LEFT" isParentVersionActive="true"/>
        <conditions>
            <compoundCondition conditionConnect="AND">
                <condition column.id="testdefinition_obj_id" compareType="EQ"/>
                <condition column.id="testfrequency" compareType="IN"/>
                <condition column.id="startdate" compareType="GE"/>
                <condition column.id="startdate_2" compareType="LE"/>
                <condition column.id="testdefinition_version_active" compareType="EQ" value="true"/>
                <condition column.id="deactivated" compareType="EQ"/>
                <condition column.id="testdefinition_name" compareType="LIKE"/>
                <!--if enddate is null show the risk because the filter of the specific date didnt match
				like in surveytask and risk -->
                <compoundCondition conditionConnect="OR">
                    <compoundCondition conditionConnect="AND">
                        <condition column.id="enddate" compareType="GE"/>
                        <condition column.id="enddate_2" compareType="LE"/>
                    </compoundCondition>
                    <condition column.id="enddate" compareType="ISNULL"/>
                </compoundCondition>
                <condition column.id="test_nature" compareType="EQ"/>
                <condition column.id="testtype" compareType="EQ"/>
                <condition column.id="client_sign" compareType="LIKE"/>
                <condition column.id="control_name" compareType="LIKE"/>
                <condition column.id="control_version_active" compareType="EQ" value="true"/>
<!--                 <condition column.id="risk_id" compareType="EQ" currentObjectType.id="RISK" currentAttributeType.id="obj_id"/> -->
                <condition column.id="groupname" compareType="LIKE"/>
                <condition column.id="group_version_active" compareType="EQ" value="true"/>
                <condition column.id="guid" compareType="EQ"/>
            </compoundCondition>
        </conditions>
    </view>

</custom>