<?xml version="1.0" encoding="UTF-8"?>
<custom xmlns:xsi="http://www.w3.org/2001/XMLSchema-instance" xsi:noNamespaceSchemaLocation="../xsd/custom.xsd">
	<roles>
	
		<role id="riskmanager" level="XCO" licensedComponentIds="rm tm il in" userLicenses="operate">
		<system component.idref="view.risk"/>
		<system component.idref="view.control"/>
		<system component.idref="view.testdef"/>
		<system component.idref="view.administration"/>
		<system component.idref="view.complete.statistic"/>
		<system component.idref="view.riskassessments" />
		<system component.idref="generate.riskassessment" />
		<system component.idref="check.riskassessment" />
		<system component.idref="view.monitoring"/>
		<system component.idref="view.incidents" />
		<system component.idref="view.losses" />
		<system component.idref="view.mashzone.url.builder"/>
		<system component.idref="view.home.dashboards"/>
		<object right.idref="r----" objectType.id="HIERARCHY"/>
		<object right.idref="r----" objectType.id="USERGROUP"/>
		<object right.idref="rwcdu" objectType.id="RISK">
            <action actionRight.idref="export.objects"/>
			<relation right.idref="ar" listAttrType.id="controls"/>
			<relation right.idref="ar" listAttrType.id="finaccount"/>
			<relation right.idref="ar" listAttrType.id="process"/>
			<relation right.idref="ar" listAttrType.id="manager_group"/>
			<relation right.idref="ar" listAttrType.id="documents"/>
			<relation right.idref="ar" listAttrType.id="owner_group"/>
			<relation right.idref="ar" listAttrType.id="reviewer_group"/>
			<relation right.idref="ar" listAttrType.id="risk_category"/>
			<relation right.idref="ar" listAttrType.id="orgunit"/>
			<relation right.idref="ar" listAttrType.id="appsystem"/>
		</object>
		<object right.idref="rwcdu" objectType.id="RISKASSESSMENT">
			<action actionRight.idref="extend"/>
			<relation right.idref="ar" listAttrType.id="documents"/>
            <relation right.idref="ar" listAttrType.id="owner_group"/>
			<relation right.idref="ar" listAttrType.id="owner"/>
			<relation right.idref="ar" listAttrType.id="owner_substitute"/>
            <relation right.idref="ar" listAttrType.id="reviewer_group"/>
            <relation right.idref="ar" listAttrType.id="risk"/>
		</object>
        <object right.idref="r----" objectType.id="IMPACTTYPE" />
        <object right.idref="rwcdu" objectType.id="RA_IMPACTTYPE" >
            <relation right.idref="ar" listAttrType.id="lossQual"/>
            <relation right.idref="ar" listAttrType.id="frequLossQual"/>
            <relation right.idref="ar" listAttrType.id="redLossQual"/>
            <relation right.idref="ar" listAttrType.id="redFrequLossQual"/>
        </object>
		<object right.idref="rwcdu" objectType.id="CONTROL">
			<relation right.idref="ar" listAttrType.id="manager_group"/>
			<relation right.idref="ar" listAttrType.id="testdefinitions"/>
		</object>
		<!-- Inicio REO 28.08.2017 - EV108436 - Correção do programa de contagem de controles -->
		<object right.idref="r----" objectType.id="CONTROLEXECUTION"/>
		<object right.idref="r----" objectType.id="CONTROLEXECUTIONTASK"/>
		<!-- Fim REO 28.08.2017 - EV108436 - Correção do programa de contagem de controles -->
		<object right.idref="rwcdu" objectType.id="TESTDEFINITION">
			<relation right.idref="ar" listAttrType.id="reviewer_group"/>
			<relation right.idref="ar" listAttrType.id="orgunit"/>
			<relation right.idref="ar" listAttrType.id="owner_group"/>
		</object>
		<object right.idref="r----" objectType.id="TESTCASE">
            <action actionRight.idref="reset"/>
        </object>
        <object right.idref="r----" objectType.id="RECOMMENDATION"/>
        <object right.idref="r----" objectType.id="JOBINFORMATION"/>
		<object right.idref="r--d-" objectType.id="OFFLINEPROCESSINGENTRY"/>
	    <object right.idref="r----" objectType.id="INCIDENT"/>
		<object right.idref="r----" objectType.id="LOSS"/>
        <object right.idref="r----" objectType.id="POLICY"/>
        <object right.idref="r----" objectType.id="SURVEY"/>
        <object right.idref="r----" objectType.id="QUESTIONNAIRE"/>
        <object right.idref="r----" objectType.id="DASHBOARDCONNECTION"/>
    </role>
	
	</roles>
</custom>