<?xml version="1.0" encoding="UTF-8"?>
<custom xmlns:xsi="http://www.w3.org/2001/XMLSchema-instance" xsi:noNamespaceSchemaLocation="../xsd/custom.xsd">


<filter id="issueReviewer2" dataSource.idref="IssueReviewer2">
        <filterRow id="IssueID" propertyKey="filter.row.issue.id.DBI">
            <filterElement dataReference.idref="IssueID"  />
        </filterRow>
	    <filterRow id="name">
            <filterElement dataReference.idref="name"  />
        </filterRow>
	    <filterRow id="description">
			<filterElement dataReference.idref="description"  />
		</filterRow>
		<filterRow id="remediationMeasure">
			<filterElement dataReference.idref="remediationMeasure"  />
		</filterRow>
		<filterRow id="remediationPlannedBefore" propertyKey="filter.row.issue.remedationPlannedBefore.DBI">
			<filterCell>
			<filterElement dataReference.idref="plannedenddate"  >
                <parameter name="propertyKey" value="filter.from.DBI"/>
                <filterType.parameter name="daterange" value="plannedenddate2"/>
			</filterElement>
			<filterElement dataReference.idref="plannedenddate2"  >
				 <parameter name="propertyKey" value="filter.to.DBI"/>
			</filterElement>
			</filterCell>
		</filterRow>
		<filterRow id="remark">
			<filterElement dataReference.idref="remark"  />
		</filterRow>
		<filterRow id="category">
            <filterElement dataReference.idref="category" default="-1"  />
        </filterRow>
	    <filterRow id="creator_name" propertyKey="filter.row.issue.creator.DBI">
			<filterElement dataReference.idref="creator_name"  />
		</filterRow>
	    <filterRow id="owner_name" propertyKey="filter.row.issue.owner.DBI">
            <filterElement dataReference.idref="owner_name"  />
        </filterRow>
	    <filterRow id="owner_status">
			<filterElement dataReference.idref="owner_status" default="-2"  />
		</filterRow>
        <filterRow id="creator_status">
			<filterElement dataReference.idref="creator_status" default="3"  />
		</filterRow>
		<filterRow id="reviewer_status">
			<filterElement dataReference.idref="reviewer_status" default="1"  />
		</filterRow>
        <filterRow id="created_by_testcase">
            <filterElement dataReference.idref="created_by_testcase" default="-1"  >
                <parameter name="showAll" value="true"/>
            </filterElement>
        </filterRow>
		<filterRow id="deactivated">
			<filterElement dataReference.idref="deactivated"  >
				<parameter name="showAll" value="false"/>
			</filterElement>
		</filterRow>
		<filterRow id="action_type">
			<filterElement dataReference.idref="action_type"  >
				<parameter name="showAll" value="false"/>
			</filterElement>
		</filterRow>
		
	</filter>

</custom>    