<?xml version="1.0" encoding="UTF-8"?>
<custom xmlns:xsi="http://www.w3.org/2001/XMLSchema-instance" xsi:noNamespaceSchemaLocation="../xsd/custom.xsd">

    <view id="risk_control_sel" view.parameter="DISTINCT">
        <viewObject id="VO_risk_control_sel_1" objectType="CONTROL" isMainViewObject="true">
            <viewColumn id="client_sign" attributeType="client_sign"/>
            <viewColumn id="control_id" attributeType="obj_id" isSortable="true" isSelectColumn="true"/>
            <viewColumn id="control_id2" attributeType="obj_id" isSortable="true"/>
            <viewColumn id="name" attributeType="name" isSortable="true" isSelectColumn="true"/>
            <viewColumn id="controls" attributeType="controls" isSortable="true" isSelectColumn="true"/>
            <viewColumn id="control_version_active" attributeType="version_active"/>
            <viewColumn id="control_deactivated" attributeType="deactivated" isSelectColumn="true"/>
            <viewColumn id="control_frequency" attributeType="control_frequency"/>
            <viewColumn id="control_effect" attributeType="control_effect"/>
            <viewColumn id="control_execution" attributeType="control_execution"/>
            <viewColumn id="control_type" attributeType="control_type"/>
            <viewColumn id="control_key" attributeType="key_control"/>
        </viewObject>
        <viewObject id="VO_risk_control_sel_2" objectType="USERGROUP">
            <viewColumn id="ownerGroup_id" attributeType="obj_id" isSortable="true" isSelectColumn="true"/>
            <viewColumn id="userGroup_name" attributeType="name" isSortable="true" isSelectColumn="true"/>
        </viewObject>
        <viewObject id="VO_risk_control_sel_3" objectType="RISK">
            <viewColumn id="risk_version_active" attributeType="version_active"/>
        </viewObject>
        <link linktype.id="13" firstViewObject="VO_risk_control_sel_1" secondViewObject="VO_risk_control_sel_2" joinType="LEFT"/>
        <link linktype.id="4" firstViewObject="VO_risk_control_sel_1" secondViewObject="VO_risk_control_sel_3" joinType="LEFT"/>
        <conditions>
            <compoundCondition conditionConnect="AND">
                <condition column.id="name" compareType="LIKE"/>
                <condition column.id="controls" compareType="LIKE"/>
                <condition column.id="control_id" compareType="NOTIN" currentObjectType.id="RISK" currentAttributeType.id="controls"/>
                <condition column.id="control_id2" compareType="NOTIN" refView.id="sub_risk_control_sel"/>
                <condition column.id="client_sign" compareType="EQ" currentObjectType.id="RISK" currentAttributeType.id="client_sign"/>
                <condition column.id="control_frequency" compareType="IN"/>
                <condition column.id="control_effect" compareType="IN"/>
                <condition column.id="control_execution" compareType="EQ"/>
                <condition column.id="control_type" compareType="IN"/>
                <condition column.id="control_key" compareType="IN"/>
                <condition column.id="control_version_active" compareType="EQ" value="true"/>
                <condition column.id="control_deactivated" compareType="EQ" value="false"/>
                <compoundCondition conditionConnect="OR">
                    <condition column.id="risk_version_active" compareType="ISNULL"/>
                    <condition column.id="risk_version_active" compareType="EQ" value="true"/>
                </compoundCondition>
            </compoundCondition>
        </conditions>
    </view>

</custom>