<?xml version="1.0" encoding="UTF-8"?>
<custom xmlns:xsi="http://www.w3.org/2001/XMLSchema-instance" xsi:noNamespaceSchemaLocation="../xsd/custom.xsd">

	<list id="risk2control"
          view.idref="risk2control"
          filter.idref="risk2control"
          idColumn.idref="control_obj_id"
          defaultOrderColumn.idref="control_name"
          frame="tabcontent"
          relatedObjectType.idref="CONTROL"
          srcAttributeType.idref="controls"
          srcDataType.idref="RISK"
          destDataType.idref="CONTROL">
        <simpleFilterRow>
            <simpleFilter filterRow.idref="control_name"/>
            <simpleFilter filterRow.idref="control_controls"/>
        </simpleFilterRow>
        <listHeaderRow>
            <listHeader column="LC_risk2control_1" propertyKey="tableheader.name" width="100%"/>
        </listHeaderRow>
        <column id="LC_risk2control_1" dataReference.idref="control_name" template="openObject">
            <parameter name="idColumn" value="control_obj_id"/>
        </column>
        <listButtons>
            <buttonReference button.idref="LIST_ATTACH_NEW"/>
            <buttonReference button.idref="LIST_ATTACH_DEST" function="aam_initlist('risk_control_sel','tabcontent')"/>
            <!-- Inicio REO - 25.08.2017 - EV108436 - Correção do programa de contagem de controles -->
<!--             <buttonReference button.idref="LIST_DETACH"/> -->
            <buttonReference button.idref="LIST_CSTDETACH"/>
            <!-- Fim REO - 25.08.2017 - EV108436 - Correção do programa de contagem de controles -->
        </listButtons>
        <rowButtons>
        	<!-- Inicio REO - 25.08.2017 - EV108436 - Correção do programa de contagem de controles -->
<!--             <buttonReference button.idref="LISTROW_DETACH"/> -->
			<buttonReference button.idref="LISTROW_CSTDETACH"/>
            <!-- Fim REO - 25.08.2017 - EV108436 - Correção do programa de contagem de controles -->
        </rowButtons>
    </list>

</custom>