<?xml version="1.0" encoding="UTF-8"?>
<custom xmlns:xsi="http://www.w3.org/2001/XMLSchema-instance" xsi:noNamespaceSchemaLocation="../xsd/custom.xsd">
 
	<objectType id="CONTROL" xmlexport="true" extends="VERSION"
                descriptionAttributes="control_id" displayAttribute="name" licensedComponentIds="tm"
                mashzoneId="50" arisImportRole="controlmanager" image="iconlib/icons/content/control_16.png">
        <stringAttrType id="control_id" maxCharCount="80" isMassEditable="true">
            <validate name="maxlength" arg0="80"/>
        </stringAttrType>
        <stringAttrType id="name" maxCharCount="250" isMassEditable="true">
            <validate name="maxlength" arg0="250"/>
        </stringAttrType>
        <listAttrType id="manager_group" maxSize="1" objectType.idref="USERGROUP" linkType="13">
            <listRestriction>
                <attributeRestriction attribute="role" value="controlmanager"/>
                <attributeRestriction attribute="rolelevel" value="object"/>
            </listRestriction>
        </listAttrType>
        <enumAttrType id="control_frequency" defaultValue="0" enumeration="custom_controlfreq" isMassEditable="true"/>
        <enumAttrType id="control_execution" enumeration="custom_controlexecution" isMassEditable="true" defaultValue="1"/>
        <enumAttrType id="control_effect" enumeration="controleffect" defaultValue="0" isMassEditable="true"/>
        <enumAttrType id="control_type" enumeration="custom_controltype" isMassEditable="true" defaultValue="6"/>
        <textAttrType id="controls" isMassEditable="true"/>
        <listAttrType id="testdefinitions" objectType.idref="TESTDEFINITION" linkType="15"/>
        <textAttrType id="control_objective" isMassEditable="true"/>
        <booleanAttrType id="key_control" defaultValue="true"/>
        <listAttrType id="controlexecutiontasks" objectType.idref="CONTROLEXECUTIONTASK" linkType="6050"/>
        
        <!-- Inicio GAP GRC29 : Inclusão de novos atributos de Controle -->
        <!-- Inclusão de "Relevante para Exportação" -->
        <booleanAttrType id="control_export_relevant" defaultValue="true"/>
        <!-- Fim GAP GRC29 -->
        
        
        <!-- Atributo para Arrasto do Status de Controle -->
        <stringAttrType id="custom_status_control" maxCharCount="80" isMassEditable="false" />
		<stringAttrType id="custom_st_1line" maxCharCount="80" isMassEditable="false" />
		<stringAttrType id="custom_st_2line" maxCharCount="80" isMassEditable="false" />
		<stringAttrType id="custom_st_3line" maxCharCount="80" isMassEditable="false" />
		<stringAttrType id="custom_st_final" maxCharCount="80" isMassEditable="false" />
		<!-- EV133332 - Fim REO - 05.02.2018 -->
               
        <index id="I_7_1" type="normal">
            <attributeRef attribute="name"/>
        </index>
        <index id="I_7_2" type="normal">
            <attributeRef attribute="control_frequency"/>
        </index>
        <index id="I_7_3" type="normal">
            <attributeRef attribute="control_effect"/>
        </index>
        <!--index id="I_7_4" type="fullText">
            <attributeRef attribute="controls"/>
        </index-->
        <index id="I_CONTROL_KEY_CONTROL" type="normal">
            <attributeRef attribute="key_control"/>
        </index>
    </objectType>
 
</custom>
