<?xml version="1.0" encoding="UTF-8"?>
<custom xmlns:xsi="http://www.w3.org/2001/XMLSchema-instance" xsi:noNamespaceSchemaLocation="../xsd/custom.xsd">

	<list id="control"
          view.idref="control"
          filter.idref="control"
          idColumn.idref="client_id"
          defaultOrderColumn.idref="name"
          allowMarkAsIssueRelevant="true"
          relatedObjectType.idref="CONTROL"
          propertyKey="list.control.DBI">
		<simpleFilterRow>
			<simpleFilter filterRow.idref="name"/>
			<simpleFilter filterRow.idref="sign"/>
		</simpleFilterRow>
		<listHeaderRow>
			<listHeader column="LC_Control_1" propertyKey="tableheader.name" width="30%"/>
			<listHeader column="LC_Control_0" propertyKey="tableheader.client" width="8%"/>
			<listHeader column="LC_Control_2" propertyKey="tableheader.control.controls" width="32%"/>
			<listHeader column="LC_Control_3" propertyKey="tableheader.control.owner" width="30%"/>
		</listHeaderRow>
		<column id="LC_Control_1" dataReference.idref="name" template="openObject">
			<parameter name="idColumn" value="client_id"/>
		</column>
		<column id="LC_Control_0" align="center" dataReference.idref="client_sign" />
		<column id="LC_Control_2" dataReference.idref="controls" />
		<column id="LC_Control_3" dataReference.idref="userGroup_name" />
		<listButtons>
			<buttonReference button.idref="LIST_CREATE"/>
            <buttonReference button.idref="LIST_OPEN"/>
			<buttonReference button.idref="LIST_DELETE"/>
			<buttonReference button.idref="FIELDSELECT"/>
            <buttonReference button.idref="PDF_REPORT"/>
            <buttonReference button.idref="EXCEL_REPORT"/>
		</listButtons>
		<rowButtons>
            <buttonReference button.idref="RELATION_POPUP"/>
			<buttonReference button.idref="LISTROW_DELETE"/>
		</rowButtons>
	</list>

</custom>