<?xml version="1.0" encoding="UTF-8"?>
<custom xmlns:xsi="http://www.w3.org/2001/XMLSchema-instance" xsi:noNamespaceSchemaLocation="../xsd/custom.xsd">
	
	<objectType id="AUDIT" xmlexport="true" clientDependent="true" extends="MONITORABLE"  licensedComponentIds="am"
                displayAttribute="name" descriptionAttributes="audittype, description" dataKind="transactiondata"
                mashzoneId="280" image="iconlib/icons/content/audit_16.png">

        <!-- Doc-Name: Description -->
        <textAttrType id="description"/>

        <!-- Doc-Name: Audit objectives -->
        <textAttrType id="objectives"/>

        <!-- Doc-Name: Audit client-->
        <textAttrType id="audit_client"/>

        <!-- Doc-Name: Audit type-->
        <enumAttrType id="audittype" enumeration="audittype" defaultValue="0"/>

        <!-- Doc-Name: Audit type text-->
        <textAttrType id="audittype_text"/>

        <!-- Doc-Name: Audit predecessor-->
        <listAttrType id="predecessor" maxSize="1" objectType.idref="AUDIT" linkType="5110">
            <listRestriction>
                <attributeRestriction attribute="owner_status" value="closed" />
                <attributeRestriction attribute="reviewer_status" value="accepted" />
            </listRestriction>
        </listAttrType>

        <!-- Doc-Name: Audit follow-up-->
        <listAttrType id="followup" objectType.idref="AUDIT" linkType="5120"/> <!-- linktype? -->

        <!-- Doc-Name: Preperation start date-->
        <!-- inheritance attribute taken from MONITORABLE: plannedstartdate-->

        <!-- Doc-Name: Audit end date-->
        <!-- inheritance attribute taken from MONITORABLE: plannedenddate-->

        <!-- Doc-Name: Audit scope-->
        <listAttrType id="scope" maxSize="1" objectType.idref="HIERARCHY,AUDITSCOPE" linkType="5130"> <!-- linktype? -->
            <listRestriction>
                <attributeRestriction attribute="type" value="financialaccount"/>
            </listRestriction>
            <listRestriction>
                <attributeRestriction attribute="type" value="orgunit"/>
            </listRestriction>
            <listRestriction>
                <attributeRestriction attribute="type" value="process"/>
            </listRestriction>
            <listRestriction>
                <attributeRestriction attribute="type" value="category"/>
            </listRestriction>
            <listRestriction>
                <attributeRestriction attribute="type" value="applicationsystemtype"/>
            </listRestriction>
        </listAttrType>
    <!-- Customizations of GAU01 -->
    <listAttrType id="risk" maxSize="1" objectType.idref="RISK" linkType="21009">
            <!-- Add List Restrictions -->
        </listAttrType>
				<listAttrType id="methodology" maxSize="1" objectType.idref="HIERARCHY" linkType="21010">
            <!-- Add List Restrictions -->
            <listRestriction>
                <attributeRestriction attribute="type" value="financialaccount"/>
            </listRestriction>
        </listAttrType>
        <listAttrType id="regulation" maxSize="1" objectType.idref="HIERARCHY" linkType="21011">
            <!-- Add List Restrictions -->
            <listRestriction>
                <attributeRestriction attribute="type" value="financialaccount"/>
            </listRestriction>
        </listAttrType>
        <listAttrType id="process" maxSize="1" objectType.idref="HIERARCHY" linkType="21012">
            <!-- Add List Restrictions -->
            <listRestriction>
                <attributeRestriction attribute="type" value="process"/>
            </listRestriction>
        </listAttrType>
				<!-- End of Customizations of GAU01 -->

        <!-- Doc-Name: Audit start date-->
        <dateAttrType id="auditstartdate">
            <modify name="beginOfDay"/>
        </dateAttrType>

        <!-- Doc-Name: Audit end date, (API-Name: unknown-->
        <dateAttrType id="auditenddate">
            <modify name="endOfDay"/>
        </dateAttrType>

        <!-- Doc-Name: Audit start date (actual)-->
        <dateAttrType id="actualstartdate"/>

        <!-- Doc-Name: Audit end date, (actual)API-Name: unknown-->
        <dateAttrType id="actualenddate"/>



        <!-- Doc-Name: Audit Steps-->
        <listAttrType id="steps" objectType.idref="AUDITSTEP" linkType="5140" orderType="user" isHierarchical="true"/> <!-- linktype? -->

        <!-- Doc-Name: Documents, API-Name: documents-->
        <listAttrType id="documents" objectType.idref="DOCUMENT" linkType="5150"/>

        <!-- Doc-Name: Audit owner group-->
        <!-- inheritance attribute taken from TRANSACTIONAL: owner_group -->
        <listAttrType id="owner_group" maxSize="1" objectType.idref="USERGROUP" linkType="5160">
            <listRestriction>
                <attributeRestriction attribute="role" value="auditowner"/>
                <attributeRestriction attribute="rolelevel" value="object"/>
            </listRestriction>
        </listAttrType>

        <!-- Doc-Name: Status-->
        <enumAttrType id="owner_status" enumeration="auditstatus" defaultValue="1"/>

        <!-- Doc-Name: Reason-->
        <enumAttrType id="notconformreason" enumeration="notconformreason" defaultValue="0"/>

        <!-- Doc-Name: Audit conclusion -->
        <textAttrType id="auditconclusion"/>

        <!-- Doc-Name: Audit conclusion documents, API-Name: documents -->
        <listAttrType id="conclusiondocuments" objectType.idref="DOCUMENT" linkType="5170"/>

        <!-- Doc-Name: Due status-->
        <enumAttrType id="duestatus" enumeration="duestatus" defaultValue="1"/>

        <!-- Doc-Name: Performed by-->
        <!-- inheritance attribute taken from TRANSACTIONAL: owner -->
        <listAttrType id="owner" maxSize="1" objectType.idref="USER" linkType="5180" />

        <!-- Doc-Name: Substitude-->
        <!-- inheritance attribute taken from TRANSACTIONAL: owner_substitute -->
        <listAttrType id="owner_substitute" maxSize="1" objectType.idref="USER" linkType="5190" />

        <!-- Doc-Name: Audit date-->
        <!-- inheritance attribute taken from TRANSACTIONAL: execution_date -->
        
        <!-- Doc-Name: Audit reviewer group-->
        <!-- inheritance attribute taken from TRANSACTIONAL: reviewer_group -->
        <listAttrType id="reviewer_group" maxSize="1" objectType.idref="USERGROUP" linkType="5200">
            <listRestriction>
                <attributeRestriction attribute="role" value="auditreviewer"/>
                <attributeRestriction attribute="rolelevel" value="object"/>
            </listRestriction>
        </listAttrType>


        <!-- Doc-Name: Reviewer status-->
        <enumAttrType id="reviewer_status" enumeration="audit_reviewer_status" defaultValue="0"/>

        <!-- Doc-Name: Audit reviewer (not inside documentation yet)-->
        <!-- inheritance attribute taken from TRANSACTIONAL: reviewer -->
        <listAttrType id="reviewer" maxSize="1" objectType.idref="USER" linkType="5210"/>

        <!-- Doc-Name: Reviewer remark -->
        <textAttrType id="reviewer_remark"/>

        <!-- Doc-Name: Documents, API-Name: documents-->
        <listAttrType id="reviewer_documents" objectType.idref="DOCUMENT" linkType="5360"/>

        <!-- Doc-Name: Audit auditor group-->
        <!-- inheritance attribute taken from TRANSACTIONAL: reviewer_group -->
        <listAttrType id="auditor_group" maxSize="1" objectType.idref="USERGROUP" linkType="5220">
            <listRestriction>
                <attributeRestriction attribute="role" value="auditauditor"/>
                <attributeRestriction attribute="rolelevel" value="object"/>
            </listRestriction>
       </listAttrType>

        <!-- internal: relation to audit template-->
        <!-- inheritance attribute taken from TRANSACTIONAL: reviewer_group -->
        <!-- not version save -->
        <listAttrType id="audittemplate" maxSize="1" objectType.idref="AUDITTEMPLATE" linkType="5230" usingFixChildVersion="true"/>



        <!-- unused but because if inheritance we have to implement it -->
        <!-- inheritance attribute taken from TRANSACTIONAL: reviewer_substitute -->
        <listAttrType id="reviewer_substitute" maxSize="1" objectType.idref="USER" linkType="5240"/>



        <index id="I_AUDIT_1" type="normal">
            <attributeRef attribute="auditstartdate"/>
        </index>
        <index id="I_AUDIT_2" type="normal">
            <attributeRef attribute="auditenddate"/>
        </index>
        <index id="I_AUDIT_3" type="normal">
            <attributeRef attribute="name"/>
        </index>
        <index id="I_AUDIT_4" type="normal">
            <attributeRef attribute="duestatus"/>
        </index>
    </objectType>
	
</custom>