<?xml version="1.0" encoding="UTF-8"?>
<custom xmlns:xsi="http://www.w3.org/2001/XMLSchema-instance" xsi:noNamespaceSchemaLocation="../xsd/custom.xsd">
    
	<view id="customcontrol2risk" view.parameter="DISTINCT" relevantForMashzoneIntegration="true">
        <viewObject id="VO_risk2control_risk" objectType="RISK" isMainViewObject="true">
            <viewColumn id="risk_obj_id" attributeType="obj_id" isSortable="true" isSelectColumn="true"/> 
            <viewColumn id="risk_name" attributeType="name" isSortable="true" isSelectColumn="true"/>
            <viewColumn id="risk_description" attributeType="description" isSortable="true" isSelectColumn="true"/>
            <viewColumn id="risk_version_active" attributeType="version_active"/>
            <viewColumn id="risk_version_number" attributeType="version_number" isSelectColumn="true"/>
        </viewObject>
        <viewObject id="VO_risk2control_control" objectType="CONTROL" >
            <viewColumn id="control_obj_id" attributeType="obj_id" isSelectColumn="true"/>
            <viewColumn id="control_version_number" attributeType="version_number" isSelectColumn="true"/>
            <viewColumn id="control_id" attributeType="control_id" isSelectColumn="true"/>
        </viewObject>
<!--         <link linktype.id="3251" firstViewObject="VO_risk2control_risk" secondViewObject="VO_risk2control_control"/> --><!-- GAP - GRC14 -->
        <link linktype.id="4" firstViewObject="VO_risk2control_risk" secondViewObject="VO_risk2control_control"/>
        <conditions>
            <compoundCondition conditionConnect="AND">
                <condition column.id="risk_version_active" compareType="EQ" value="true"/>
<!--                 <condition column.id="control_id" compareType="EQ" /> --><!-- GAP - GRC14 -->
                <condition column.id="control_id" compareType="EQ" currentObjectType.id="CONTROL" currentAttributeType.id="control_id"/>
            </compoundCondition>
        </conditions>
    </view> 

</custom>