<?xml version="1.0" encoding="UTF-8"?>
<custom xmlns:xsi="http://www.w3.org/2001/XMLSchema-instance" xsi:noNamespaceSchemaLocation="../xsd/custom.xsd">
	<roles>
		<role id="riskreviewer" level="O" licensedComponentIds="rm" userLicenses="operate">
			<system component.idref="view.risk"/>
			<system component.idref="view.review.riskassessments" />
			<system component.idref="view.incidents" />
			<system component.idref="view.losses" />
			<system component.idref="view.mashzone.url.builder"/>
			<object right.idref="r----" objectType.id="HIERARCHY"/>
			<object right.idref="r----" objectType.id="USERGROUP"/>
			<object right.idref="rw---" objectType.id="RISK" /> <!-- REO 22.09.2017 - EV113345 -->
	        <object right.idref="r----" objectType.id="CONTROL" />
	        <object right.idref="r----" objectType.id="TESTDEFINITION" />
	        <object right.idref="r----" objectType.id="TESTCASE" />
			<object right.idref="rw---" objectType.id="RISKASSESSMENT">
				<action actionRight.idref="extend"/>
				<relation right.idref="ar" listAttrType.id="documents" />
	        </object>
	        <object right.idref="r----" objectType.id="IMPACTTYPE" />
	        <object right.idref="rw---" objectType.id="RA_IMPACTTYPE" />
			<object right.idref="r--d-" objectType.id="OFFLINEPROCESSINGENTRY"/>
			<object right.idref="r----" objectType.id="INCIDENT"/>
			<object right.idref="r----" objectType.id="LOSS"/>
	        <object right.idref="r----" objectType.id="POLICY"/>
	        <object right.idref="r----" objectType.id="SURVEY"/>
	        <object right.idref="r----" objectType.id="QUESTIONNAIRE"/>
	    </role>
	</roles>
</custom>