<?xml version="1.0" encoding="UTF-8"?>
<custom xmlns:xsi="http://www.w3.org/2001/XMLSchema-instance" xsi:noNamespaceSchemaLocation="../xsd/custom.xsd">
    
	<form id="FORM_CONTROL">
        <logToolbarButtons>
            <buttonReference button.idref="ARIS_REPORT"/>
        </logToolbarButtons>
        <formButtons>
            <buttonReference button.idref="OBJECT_SAVE"/>
            <buttonReference button.idref="OBJECT_SAVE_AND_NEXT"/>
            <buttonReference button.idref="OBJECT_DELETE"/>
            <buttonReference button.idref="OBJECT_REACTIVATE"/>
            <buttonReference button.idref="PDF_REPORT"/>
        </formButtons>
        <page id="control" licensedComponentIds="tm">
            <rowGroup id="control.1">
                <row id="client_sign">
                    <element attribute.idref="client_sign" template="clientSign"/>
                </row>
                
                <!-- GAP29 -->
                <row id="control_export_relevant">
                	<element attribute.idref="control_export_relevant"/>
                </row>
                
                <row id="control_id">
                    <element attribute.idref="control_id"/>
                </row>
                <row id="name">
                    <element attribute.idref="name"/>
                </row>
                <row id="control_objective">
                    <element attribute.idref="control_objective"/>
                </row>
                <row id="key_control">
                    <element attribute.idref="key_control"/>
                </row>
                <row id="control_type" propertyKey="forms.row.form_control.control_type.DBI">
                    <element attribute.idref="control_type"/>
                </row>
                <row id="control_owner_group">
                    <element attribute.idref="manager_group">
                        <parameter name="selectionList" value="AUTO"/>
                        <button.add button.idref="RELATION_CREATE" location="toolbar" type="writable"/>
                    </element>
                </row>
                <row id="controls">
                    <element attribute.idref="controls"/>
                </row>
                <row id="control_frequency">
                    <element attribute.idref="control_frequency"/>
                </row>
                <row id="control_execution" propertyKey="forms.row.form_control.control_execution.DBI">
                    <element attribute.idref="control_execution"/>
                </row>
                <row id="control_effect">
                    <element attribute.idref="control_effect"/>
                </row>
                <row id="custom_status_control">
                	<element attribute.idref="custom_status_control" />
                </row>
            </rowGroup>
        </page>
    </form>
    
</custom>
