<?xml version="1.0" encoding="UTF-8"?>
<custom xmlns:xsi="http://www.w3.org/2001/XMLSchema-instance" xsi:noNamespaceSchemaLocation="../xsd/custom.xsd">

 <view id="auditPlanTree" view.parameter="DISTINCT">
        <viewObject id="AUDITSTEP" objectType="AUDITSTEP" isMainViewObject="true">
            <viewColumn id="parent_client_id" attributeType="client_objid" isSelectColumn="true"/>
            <viewColumn id="parent_client_sign" attributeType="client_sign" isSelectColumn="true"/>
            <viewColumn id="parent_id" attributeType="obj_id" isSelectColumn="true"/>
            <viewColumn id="parent_version_number" attributeType="version_number" isSelectColumn="true"/>
            <viewColumn id="parent_name" attributeType="name" isSelectColumn="true"/>
            <viewColumn id="plannedstartdate" attributeType="plannedstartdate" isSelectColumn="true"/>
            <viewColumn id="plannedenddate" attributeType="plannedenddate" isSelectColumn="true"/>
            <viewColumn id="actualstartdate" attributeType="actualstartdate" isSelectColumn="true"/>
            <viewColumn id="actualenddate" attributeType="actualenddate" isSelectColumn="true"/>
            <viewColumn id="detached" attributeType="detached"/>
            <viewColumn id="parent_deactivated" attributeType="deactivated" isSelectColumn="true"/>
            <viewColumn id="description" attributeType="description" isSelectColumn="true"/>
            <viewColumn id="owner_status" attributeType="owner_status" isSelectColumn="true"/>
            <viewColumn id="percentage_completed" attributeType="percentage_completed" isSelectColumn="true"/>
            <viewColumn id="percentage_total" attributeType="percentage_total" isSelectColumn="true"/>
        </viewObject>
        <viewObject id="AUDITSTEP_childstep" objectType="AUDITSTEP">
            <viewColumn id="child_id" attributeType="obj_id" isSelectColumn="true"/>
        </viewObject>
        <viewObject id="AUDITSTEP_audit" objectType="AUDIT">
            <viewColumn id="parent_objectID" attributeType="obj_id" isSortable="true" isSelectColumn="true"/>
            <viewColumn id="reviewer_status" attributeType="reviewer_status" isSortable="true" isSelectColumn="true"/>
        </viewObject>
        <viewObject id="AUDITSTEP_ownergroup" objectType="USERGROUP">
            <viewColumn id="owner_group" attributeType="name" isSortable="true" isSelectColumn="true"/>
        </viewObject>
        <viewObject id="AUDITSTEP_scope" objectType="AUDITSCOPE">
            <viewColumn id="scope" attributeType="object_name" isSortable="true" isSelectColumn="true"/>
            <viewColumn id="scope_id" attributeType="object_id" isSortable="true" isSelectColumn="true"/>
            <viewColumn id="scope_type" attributeType="type" isSortable="true" isSelectColumn="true"/>
        </viewObject>
        <link linktype.id="5311" firstViewObject="AUDITSTEP" secondViewObject="AUDITSTEP_audit"/>
        <link linktype.id="5280" firstViewObject="AUDITSTEP" secondViewObject="AUDITSTEP_ownergroup"/>
        <link linktype.id="5260" firstViewObject="AUDITSTEP" secondViewObject="AUDITSTEP_scope" joinType="LEFT"/>
        <link linktype.id="5310" firstViewObject="AUDITSTEP" secondViewObject="AUDITSTEP_childstep" joinType="LEFT">
            <viewColumn id="child_sequence" attributeType="link_type_int_value" isSelectColumn="true"/>
        </link>
        <conditions>
            <compoundCondition conditionConnect="AND">
                <condition column.id="detached" compareType="EQ" value="false"/>
                <condition column.id="parent_objectID" compareType="EQ"/>
            </compoundCondition>
        </conditions>
    </view>


</custom>