<?xml version="1.0" encoding="UTF-8"?>
<custom xmlns:xsi="http://www.w3.org/2001/XMLSchema-instance" xsi:noNamespaceSchemaLocation="../xsd/custom.xsd">
    
    <filter id="control" dataSource.idref="control">
		<filterRow id="name">
            <filterElement dataReference.idref="name"  />
        </filterRow>
        <filterRow id="sign" propertyKey="filter.row.client.sign.DBI">
            <filterElement dataReference.idref="client_sign"  />
        </filterRow>
        <filterRow id="controls">
            <filterElement dataReference.idref="controls"  />
        </filterRow>
        <filterRow id="userGroup_name" propertyKey="filter.row.control.manager.DBI">
            <filterElement dataReference.idref="userGroup_name"  />
        </filterRow>
		<filterRow id="control_key">
            <filterElement dataReference.idref="control_key" default="-1"  />
        </filterRow>
		<filterRow id="control_type">
        	<filterElement dataReference.idref="control_type" default="6"  />
		</filterRow>
		<filterRow id="control_frequency">
            <filterElement dataReference.idref="control_frequency" default="-1"  />
        </filterRow>
		<filterRow id="control_execution">
           <filterElement dataReference.idref="control_execution" default="1"  />
        </filterRow>
        <!-- Inicio GAP GRC29 -->
        <!--
		<filterRow id="control_effect">
            <filterElement dataReference.idref="control_effect" default="-1"  />
        </filterRow>
        -->
        <!-- Fim GAP GRC29 -->
        <filterRow id="guid">
            <filterElement dataReference.idref="guid" default="" filterType="string" compareType="EQ"/>
        </filterRow>
		<filterRow id="deactivated">
            <filterElement dataReference.idref="control_deactivated"  >
                <parameter name="showAll" value="false"/>
            </filterElement>
        </filterRow>
	</filter>
    
</custom>