<?xml version="1.0" encoding="UTF-8"?>
<custom xmlns:xsi="http://www.w3.org/2001/XMLSchema-instance" xsi:noNamespaceSchemaLocation="../xsd/custom.xsd">
    
	<form id="FORM_CONTROLEXECUTIONTASK" controlName="customcetform">
        <logToolbarButtons>
            <buttonReference button.idref="ARIS_REPORT"/>
        </logToolbarButtons>
        <formButtons>
            <buttonReference button.idref="OBJECT_SAVE"/>
            <buttonReference button.idref="OBJECT_SAVE_AND_NEXT"/>
            <buttonReference button.idref="OBJECT_DELETE"/>
            <buttonReference button.idref="OBJECT_REACTIVATE"/>
            <buttonReference button.idref="OBJECT_CONTROLEXECUTION_CREATE"/>
            <buttonReference button.idref="PDF_REPORT"/>
        </formButtons>
        <page id="controlexecutiontask" licensedComponentIds="tm">
            <rowGroup id="controlexecutiontask.1">
                <row id="obj_id">
                    <element attribute.idref="obj_id"/>
                </row>
                <row id="name">
                    <element attribute.idref="name"/>
                </row>
                <row id="client_sign">
                    <element attribute.idref="client_sign" template="clientSign"/>
                </row>
                <row id="activities">
                    <element attribute.idref="activities"/>
                </row>
                <row id="affected_orgunit">
                    <element attribute.idref="affected_orgunit">
                        <parameter name="selectionList" value="AUTO"/>
                    </element>
                </row>
                <row id="selectivity">
                    <element attribute.idref="selectivity"/>
                </row>
                <row id="result_format">
                    <element attribute.idref="result_format"/>
                </row>
                <row id="frequency">
                    <element attribute.idref="frequency">
                        <javaScriptEvent expression="aam_objectcommand('cache');" name="onChange"/>
                    </element>
                </row>
                <row id="event_driven_allowed">
                    <element attribute.idref="event_driven_allowed"/>
                </row>
                <row id="duration">
                    <element attribute.idref="duration"/>
                </row>
                <row id="startdate">
                    <element attribute.idref="startdate"/>
                </row>
                <row id="enddate">
                    <element attribute.idref="enddate">
                        <parameter name="userEditable" value="true"/>
                    </element>
                </row>
                <row id="owner_group">
                    <element attribute.idref="owner_group">
                        <parameter name="selectionList" value="AUTO"/>
                        <button.add button.idref="RELATION_CREATE" location="toolbar" type="writable"/>
                    </element>
                </row>
                <row id="control_period">
                    <element attribute.idref="control_period"/>
                </row>
                <row id="offset">
                    <element attribute.idref="control_period_offset"/>
                </row>
                <row id="documents">
                    <element attribute.idref="documents" template="doclink">
                        <parameter name="selectionList" value="AUTO"/>
                    </element>
                </row>
            </rowGroup>
        </page>
    </form>
  
</custom>
