<?xml version="1.0" encoding="UTF-8"?>
<custom xmlns:xsi="http://www.w3.org/2001/XMLSchema-instance" xsi:noNamespaceSchemaLocation="../xsd/custom.xsd">
 
  	<list id="MyCreatedOpenIssues2"
         view.idref="MyCreatedOpenIssues2"
         filter.idref="MyCreatedOpenIssues2"
         idColumn.idref="IssueID"
         defaultOrderColumn.idref="IssueID"
         allowMarkAsIssueRelevant="true"
         relatedObjectType.idref="ISSUE"
         propertyKey="list.MyCreatedOpenIssues.DBI">
        <simpleFilterRow>
            <simpleFilter filterRow.idref="IssueID"/>
            <simpleFilter filterRow.idref="remediationPlannedBefore"/>
        </simpleFilterRow>
        <simpleFilterRow>
            <simpleFilter filterRow.idref="name"/>
            <simpleFilter filterRow.idref="description"/>
        </simpleFilterRow>
        <extendedFilterRow>
            <extendedFilter filterRow.idref="creator_status"/>
            <extendedFilter filterRow.idref="remediationMeasure"/>
        </extendedFilterRow>
        <extendedFilterRow>
            <extendedFilter filterRow.idref="category"/>
            <extendedFilter filterRow.idref="deactivated"/>
        </extendedFilterRow>
        <extendedFilterRow>
            <extendedFilter filterRow.idref="action_type"/>
            
        </extendedFilterRow>
        <listHeaderRow>
            <listHeader column="LC_MyCreatedIssues_1" propertyKey="tableheader.issue.id.DBI" width="8%"/>
            <listHeader column="LC_MyCreatedIssues_11" propertyKey="tableheader.issue.action_type.DBI" width="10%"/>
            <listHeader column="LC_MyCreatedIssues_2" propertyKey="tableheader.issue.name.DBI" width="20%"/>
            <listHeader column="LC_MyCreatedIssues_3" propertyKey="tableheader.issue.priority.DBI" width="5%"/>
            <listHeader column="LC_MyCreatedIssues_4" propertyKey="tableheader.issue.remedationPlannedBefore.short.DBI" tooltip="tableheader.issue.remedationPlannedBefore.DBI" width="8%"/>
            <listHeader column="LC_MyCreatedIssues_5" propertyKey="tableheader.issue.creatorStatus.short.DBI" tooltip="tableheader.issue.creatorStatus.DBI" width="5%"/>
            <listHeader column="LC_MyCreatedIssues_7" propertyKey="tableheader.issue.stateTime.short.DBI" tooltip="tableheader.issue.stateTime.DBI" width="6%"/>
            <listHeader column="LC_MyCreatedIssues_8" propertyKey="tableheader.description" width="20%"/>
            <listHeader column="LC_MyCreatedIssues_9" propertyKey="tableheader.issue.remediationMeasure.DBI" width="20%"/>
            <listHeader column="LC_MyCreatedIssues_10" propertyKey="tableheader.issue.assigned.DBI" width="8%"/>

        </listHeaderRow>
        <column id="LC_MyCreatedIssues_1" dataReference.idref="IssueID" template="openObject">
            <parameter name="idColumn" value="IssueID"/>
        </column>
       
        <column id="LC_MyCreatedIssues_11" dataReference.idref="action_type" >
            <parameter name="showText" value="action_type"/>
        </column>        
       
        <column id="LC_MyCreatedIssues_2" dataReference.idref="name"/>
        <column id="LC_MyCreatedIssues_3" align="center" dataReference.idref="priority">
            <parameter name="showText" value="false"/>
        </column>
        <column id="LC_MyCreatedIssues_4" align="center" dataReference.idref="plannedenddate"/>
        <column id="LC_MyCreatedIssues_5" align="center" dataReference.idref="creator_status">
            <parameter name="showText" value="false"/>
        </column>
        <column id="LC_MyCreatedIssues_7" align="center" dataReference.idref="stateTime">
            <parameter name="showText" value="false"/>
        </column>
        <column id="LC_MyCreatedIssues_8" dataReference.idref="description"/>
        <column id="LC_MyCreatedIssues_9" dataReference.idref="remediationMeasure"/>
        <column id="LC_MyCreatedIssues_10" align="center" dataReference.idref="owner_id" template="assignmentExist"/>
        <listButtons>
            <buttonReference button.idref="LIST_CREATE"/>
            <buttonReference button.idref="LIST_OPEN"/>
            <buttonReference button.idref="LIST_DELETE"/>
            <buttonReference button.idref="PDF_REPORT"/>
            <buttonReference button.idref="EXCEL_REPORT"/>
        </listButtons>
        <rowButtons>
            <buttonReference button.idref="RELATION_POPUP"/>
            <buttonReference button.idref="LISTROW_DELETE"/>
        </rowButtons>
    </list>

    	</custom>
