<?xml version="1.0" encoding="UTF-8"?>
<custom xmlns:xsi="http://www.w3.org/2001/XMLSchema-instance" xsi:noNamespaceSchemaLocation="../xsd/custom.xsd">

	<workflow objectType.id="issue">

        <state.initial>
            <prepare chain.id="prepare">
                <permission.workflow id="issue" />
                <permission.workflow id="testcase" />
                <permission.workflow id="auditstep" />
                <permission.job id="eventImportJob"/>
            </prepare>
        </state.initial>

        <state.prepared>
            <insert to.state.id="openForCreation" chain.id="insertCreation">
                <permission.workflow id="issue" />
                <permission.workflow id="testcase" />
                <permission.workflow id="auditstep" />
<!--                 <attribute.change id="creator_status" 	         to="open"/> -->
                <attribute.change id="custom_is_creator_status"  to="new"/>
            </insert>
			<insert to.state.id="apOpenForCreation" chain.id="insertCreation">
                <permission.workflow id="issue" />
                <permission.workflow id="testcase" />
                <permission.workflow id="auditstep" />
<!--                 <attribute.change id="creator_status" 	         to="open"/> -->
                <attribute.change id="custom_ap_creator_status"  to="new"/>
            </insert>            
            <insert to.state.id="openForExecution" chain.id="insertExecution">
            	<attribute.change id="custom_is_creator_status" 	to="in_review"/>
            	<attribute.change id="custom_is_owner_status" 	    to="open_for_execution"/>
<!--                 <attribute.change id="creator_status" 	    to="released"/> -->
<!--                 <attribute.change id="owner_status" 	    to="open_for_execution"/> -->
            </insert>
            <insert to.state.id="apOpenForExecution" chain.id="insertExecution">
            	<attribute.change id="custom_ap_creator_status" 	to="in_progress"/>
            	<attribute.change id="custom_ap_owner_status" 	    to="open"/>
            </insert>            
            <insert to.state.id="openForExecution" chain.id="insertExecutionByEventImportJob">
                <permission.job id="eventImportJob"/>
            	<attribute.change id="custom_is_creator_status" 	to="in_review"/>
            	<attribute.change id="custom_is_owner_status" 	    to="open_for_execution"/>                
<!--                 <attribute.change id="creator_status" 	    to="released"/> -->
<!--                 <attribute.change id="owner_status" 	    to="open_for_execution"/> -->
            </insert>
			<insert to.state.id="apOpenForExecution" chain.id="insertExecutionByEventImportJob">
                <permission.job id="eventImportJob"/>
            	<attribute.change id="custom_ap_creator_status" 	to="in_progress"/>
            	<attribute.change id="custom_ap_owner_status" 	    to="in_progress"/>                
            </insert>
            <insert to.state.id="apDirectReview" chain.id="closedByCreator">
                <attribute.change id="custom_ap_creator_status" to="to_be_reviewed"/>
            </insert>          
        </state.prepared>

        <state id="openForCreation">
<!--             <attribute id="creator_status" value="open"/> -->
            <attribute id="custom_is_creator_status" value="new"/>
<!--             <attribute id="custom_ap_creator_status" value="new"/> -->
            <transitions>
                <update to.state.id="openForCreation" chain.id="creationInPreparation">
<!--                     <attribute.change id="creator_status" to="open"/> -->
					<attribute.change id="custom_is_creator_status" to="new"/>
<!-- 					<attribute.change id="custom_ap_creator_status" to="new"/> -->
                </update>
                <update to.state.id="openForExecution" chain.id="creationReleased">
<!--                     <attribute.change id="creator_status" to="released"/> -->
                    <attribute.change id="custom_is_creator_status" to="in_review"/>
<!--                     <attribute.change id="custom_ap_creator_status" to="in_progress"/> -->
                </update>
                <delete to.state.id="deleted" chain.id="delete"/>
            </transitions>
        </state>
        
        <state id="apOpenForCreation">
            <attribute id="custom_ap_creator_status" value="new"/>
            <transitions>
                <update to.state.id="apOpenForCreation" chain.id="creationInPreparation">
					<attribute.change id="custom_ap_creator_status" to="new"/>
                </update>
                <update to.state.id="apOpenForExecution" chain.id="creationReleased">
                    <attribute.change id="custom_ap_creator_status" to="in_progress"/>
                </update>
                <update to.state.id="apDirectReview" chain.id="closedByCreator">
                    <attribute.change id="custom_ap_creator_status" to="to_be_reviewed"/>
                </update>     
                <update to.state.id="apCreatorOnHold" chain.id="onHold">
                	<attribute.change id="custom_ap_creator_status" to="pending"/>
                </update>
                <delete to.state.id="deleted" chain.id="delete"/>
            </transitions>
        </state>        

        <state id="openForExecution">
        	<attribute id="custom_is_creator_status"   value="in_review"/>
        	<attribute id="custom_is_owner_status"     value="open_for_execution"/>
        	<attribute id="custom_is_reviewer_status"  value="to_be_reviewed"/>
<!--         	<attribute id="custom_ap_creator_status"   value="in_progress"/> -->
<!--             <attribute id="creator_status"  value="released"/> -->
<!--             <attribute id="owner_status"    value="open_for_execution"/> -->
<!--             <attribute id="reviewer_status" value="to_be_reviewed"/> -->
            <transitions>
                <update to.state.id="openForExecution" chain.id="executionInProgress">
                	<attribute.change id="custom_is_owner_status" to="in_review"/>
<!--                     <attribute.change id="owner_status" to="open_for_execution"/> -->
                </update>
                <update to.state.id="onHold" chain.id="executionOnHold">
                	<attribute.change id="custom_is_owner_status" to="open"/>
<!--                     <attribute.change id="owner_status" to="on_hold"/> -->
                </update>
                <update to.state.id="openForReview" chain.id="closedByOwner">
                	<attribute.change id="custom_is_owner_status" to="to_be_reviewed"/>
<!--                     <attribute.change id="owner_status" to="to_be_reviewed"/> -->
                </update>
                
                <delete to.state.id="deleted" chain.id="delete"/>
            </transitions>
        </state>
        
        <state id="apOpenForExecution">
        	<attribute id="custom_ap_creator_status"   value="in_progress"/>
        	<attribute id="custom_ap_owner_status"     value="open"/>
        	<attribute id="custom_ap_reviewer_status"  value="open"/>
            <transitions>
                <update to.state.id="apOpenForExecution" chain.id="executionInProgress">
                	<attribute.change id="custom_ap_owner_status" to="in_progress"/>
                </update>
                <update to.state.id="apOnHold" chain.id="executionOnHold">
                	<attribute.change id="custom_ap_owner_status" to="pending"/>
                  <!--     <attribute.change id="owner_status" to="on_hold"/>  -->
                </update>
                <update to.state.id="apOpenForReview" chain.id="closedByOwner">
                	<attribute.change id="custom_ap_owner_status" to="to_be_reviewed"/>
                </update>
                <delete to.state.id="deleted" chain.id="delete"/>
            </transitions>
        </state>        

        <state id="onHold">
			<attribute id="custom_is_creator_status"   value="in_review"/>
        	<attribute id="custom_is_owner_status"     value="open"/>
        	<attribute id="custom_is_reviewer_status"  value="to_be_reviewed"/>        
<!--             <attribute id="creator_status"  value="released"/> -->
<!--             <attribute id="owner_status"    value="on_hold"/> -->
<!--             <attribute id="reviewer_status" value="to_be_reviewed"/> -->
            <transitions>
                <update to.state.id="openForExecution" chain.id="backToInProgress">
                	<attribute.change id="custom_is_owner_status" to="open_for_execution"/>
<!--                     <attribute.change id="owner_status" to="open_for_execution"/> -->
                </update>
                <update to.state.id="onHold" chain.id="onHold">
                	<attribute.change id="custom_is_owner_status"   to="open"/>
<!--                     <attribute.change id="owner_status" to="on_hold"/> -->
                </update>
                <update to.state.id="openForReview" chain.id="closedByOwner">
                	<attribute.change id="custom_is_owner_status"   to="to_be_reviewed"/>
<!--                     <attribute.change id="owner_status" to="to_be_reviewed"/> -->
                </update>
                
                <delete to.state.id="deleted" chain.id="delete"/>
            </transitions>
        </state>
        
        <state id="apOnHold">
			<attribute id="custom_ap_creator_status"   value="in_progress"/>
        	<attribute id="custom_ap_owner_status"     value="pending"/>
<!--         	<attribute id="custom_ap_reviewer_status"  value="to_be_approved"/> -->
            <transitions>
                <update to.state.id="apOpenForExecution" chain.id="backToInProgress">
                	<attribute.change id="custom_ap_owner_status" to="in_progress"/>
<!--                     <attribute.change id="owner_status" to="open_for_execution"/> -->
                </update>
                <update to.state.id="apOnHold" chain.id="onHold">
                	<attribute.change id="custom_ap_owner_status"   to="pending"/>
<!--                     <attribute.change id="owner_status" to="on_hold"/> -->
                </update>
                <update to.state.id="apOpenForReview" chain.id="closedByOwner">
                	<attribute.change id="custom_ap_owner_status"   to="to_be_reviewed"/>
<!--                     <attribute.change id="owner_status" to="to_be_reviewed"/> -->
                </update>
                <delete to.state.id="deleted" chain.id="delete"/>
            </transitions>
        </state>
        
        <state id="apCreatorOnHold">
			<attribute id="custom_ap_creator_status"   value="pending"/>
<!--         	<attribute id="custom_ap_owner_status"     value="pending"/> -->
<!--         	<attribute id="custom_is_reviewer_status"  value="to_be_reviewed"/> -->
            <transitions>
                <update to.state.id="apOpenForCreation" chain.id="backToInCreation">
                	<attribute.change id="custom_ap_creator_status" to="new"/>
<!--                     <attribute.change id="owner_status" to="open_for_execution"/> -->
                </update>
                <update to.state.id="apCreatorOnHold" chain.id="onHold">
                	<attribute.change id="custom_ap_creator_status"   to="pending"/>
<!--                     <attribute.change id="owner_status" to="on_hold"/> -->
                </update>
                <update to.state.id="apOpenForExecution" chain.id="creationReleased">
                	<attribute.change id="custom_ap_creator_status"   to="in_progress"/>
                </update>
<!--                 <update to.state.id="apOpenForReview" chain.id="closedByOwner"> -->
<!--                 	<attribute.change id="custom_ap_owner_status"   to="to_be_reviewed"/> -->
<!--                     <attribute.change id="owner_status" to="to_be_reviewed"/> -->
<!--                 </update> -->
                <delete to.state.id="deleted" chain.id="delete"/>
            </transitions>
        </state> 

        <state id="openForReview">
        	<attribute id="custom_is_creator_status"   value="in_review"/>
        	<attribute id="custom_is_owner_status"     value="to_be_reviewed"/>
        	<attribute id="custom_is_reviewer_status"  value="to_be_reviewed"/>        
<!--             <attribute id="creator_status"      value="released"/> -->
<!--             <attribute id="owner_status" 	    value="to_be_reviewed"/> -->
<!--             <attribute id="reviewer_status"	    value="to_be_approved"/> -->
            <transitions>
<!--                 <update to.state.id="openForReview" chain.id="reviewInProgress"> -->
<!--                     <attribute.change id="owner_status" 	    to="to_be_reviewed"/> -->
<!--                     <attribute.change id="reviewer_status"	    to="to_be_approved"/> -->
<!--                 </update> -->
                <update to.state.id="closedByReviewer" chain.id="closedByReviewer">
                	<attribute.change id="custom_is_reviewer_status" to="approved"/>
<!--                     <attribute.change id="reviewer_status" to="approved"/> -->
                </update>
                <update to.state.id="openForExecution" chain.id="reopenedByReviewer">
                	<attribute.change id="custom_is_reviewer_status" to="fup"/>
<!--                     <attribute.change id="reviewer_status" to="not_approved"/> -->
                </update>
            </transitions>
        </state>
        
        <state id="apOpenForReview">
        	<attribute id="custom_ap_creator_status"   value="in_progress"/>
        	<attribute id="custom_ap_owner_status"     value="to_be_reviewed"/>
        	<attribute id="custom_ap_reviewer_status"  value="open"/>        
<!--             <attribute id="creator_status"      value="released"/> -->
<!--             <attribute id="owner_status" 	    value="to_be_reviewed"/> -->
<!--             <attribute id="reviewer_status"	    value="to_be_approved"/> -->
            <transitions>
<!--                 <update to.state.id="apOpenForReview" chain.id="reviewInProgress"> -->
<!--                     <attribute.change id="custom_ap_owner_status" 	    to="to_be_reviewed"/> -->
<!--                     <attribute.change id="custom_ap_reviewer_status"	    to="in_reviewing"/> -->
<!--                 </update> -->
                <update to.state.id="apClosedByReviewer" chain.id="closedByReviewer">
                	<attribute.change id="custom_ap_reviewer_status" to="approved"/>
<!--                     <attribute.change id="reviewer_status" to="approved"/> -->
                </update>
                <update to.state.id="apOpenForExecution" chain.id="apReopenedByReviewer">
                	<attribute.change id="custom_ap_reviewer_status" to="not_approved"/>
<!--                     <attribute.change id="reviewer_status" to="not_approved"/> -->
                </update>
            </transitions>
        </state>
        
        <state id="apDirectReview">
        	<attribute id="custom_ap_creator_status"   value="to_be_reviewed"/>
<!--         	<attribute id="custom_ap_owner_status"     value="to_be_reviewed"/> -->
        	<attribute id="custom_ap_reviewer_status"  value="open"/>        
            <transitions>
<!--                 <update to.state.id="openForReview" chain.id="reviewInProgress"> -->
<!--                     <attribute.change id="owner_status" 	    to="to_be_reviewed"/> -->
<!--                     <attribute.change id="reviewer_status"	    to="to_be_approved"/> -->
<!--                 </update> -->
                <update to.state.id="apClosedByReviewer" chain.id="closedByReviewer">
                	<attribute.change id="custom_ap_reviewer_status" to="approved"/>
<!--                     <attribute.change id="reviewer_status" to="approved"/> -->
                </update>
<!--                 <update to.state.id="openForExecution" chain.id="reopenedByReviewer"> -->
<!--                 	<attribute.change id="custom_is_reviewer_status" to="fup"/> -->
<!--                     <attribute.change id="reviewer_status" to="not_approved"/> -->
<!--                 </update> -->
            </transitions>
        </state>        

        <state id="closedByReviewer">
        	<attribute id="custom_is_reviewer_status"	value="approved"/>
<!--             <attribute id="reviewer_status"	value="approved"/> -->
        </state>
        
        <state id="apClosedByReviewer">
        	<attribute id="custom_ap_reviewer_status"	value="approved"/>
<!--             <attribute id="reviewer_status"	value="approved"/> -->
        </state>        

        <state.deleted id="deleted">
            <recover to.state.id="openForExecution,openForCreation,onHold" chain.id="recover"/>
        </state.deleted>

    </workflow>

<!--     <workflow objectType.id="issue"> -->

<!--         <state.initial> -->
<!--             <prepare chain.id="prepare"> -->
<!--                 <permission.workflow id="issue" /> -->
<!--                 <permission.workflow id="testcase" /> -->
<!--                 <permission.workflow id="auditstep" /> -->
<!--                 <permission.job id="eventImportJob"/> -->
<!--             </prepare> -->
<!--         </state.initial> -->

<!--         <state.prepared> -->
<!--             <insert to.state.id="openForCreation" chain.id="insertCreation"> -->
<!--                 <permission.workflow id="issue" /> -->
<!--                 <permission.workflow id="testcase" /> -->
<!--                 <permission.workflow id="auditstep" /> -->
<!--                 <attribute.change id="creator_status" 	         to="open"/>GAP - GRC66 -->
<!-- 				<attribute.change id="custom_is_creator_status"  to="new"/>GAP - GRC66 -->
<!--             </insert> -->
<!--             <insert to.state.id="openForExecution" chain.id="insertExecution"> -->
<!--             	<attribute.change id="custom_is_creator_status" 	to="in_review"/>GAP - GRC66 -->
<!--                 <attribute.change id="custom_is_owner_status" 	    to="open_for_execution"/>GAP - GRC66 -->
<!--                 <attribute.change id="creator_status" 	    to="released"/>GAP - GRC66 -->
<!--                 <attribute.change id="owner_status" 	    to="open_for_execution"/>GAP - GRC66 -->
<!--             </insert> -->
<!--             <insert to.state.id="openForExecution" chain.id="insertExecutionByEventImportJob"> -->
<!--                 <permission.job id="eventImportJob"/> -->
<!--                 <attribute.change id="creator_status" 	    to="released"/> -->
<!--                 <attribute.change id="owner_status" 	    to="open_for_execution"/> -->
<!--             </insert> -->
<!--         </state.prepared> -->

<!--         <state id="openForCreation"> -->
<!--         	<attribute id="custom_is_creator_status" value="new"/>GAP - GRC66 -->
<!--             <attribute id="creator_status" value="open"/>GAP - GRC66 -->
<!--             <transitions> -->
<!--                 <update to.state.id="openForCreation" chain.id="creationInPreparation"> -->
<!--                 	<attribute.change id="custom_is_creator_status" to="new"/>GAP - GRC66 -->
<!--                     <attribute.change id="creator_status" to="open"/>GAP - GRC66 -->
<!--                 </update> -->
<!--                 <update to.state.id="openForExecution" chain.id="creationReleased"> -->
<!--                 	<attribute.change id="custom_is_creator_status" to="in_review"/>GAP - GRC66 -->
<!--                     <attribute.change id="creator_status" to="released"/>GAP - GRC66 -->
<!--                 </update> -->
<!--                 <delete to.state.id="deleted" chain.id="delete"/> -->
<!--             </transitions> -->
<!--         </state> -->

<!--         <state id="openForExecution"> -->
<!--         	<attribute id="custom_is_creator_status"  value="in_review"/>GAP - GRC66 -->
<!--         	<attribute id="custom_is_owner_status"    value="open_for_execution"/>GAP - GRC66 -->
<!--         	<attribute id="custom_is_reviewer_status" value="fup"/>GAP - GRC66 -->
<!--             <attribute id="creator_status"  value="released"/>GAP - GRC66 -->
<!--             <attribute id="owner_status"    value="open_for_execution"/>GAP - GRC66 -->
<!--             <attribute id="reviewer_status" value="to_be_reviewed"/>GAP - GRC66 -->
<!--             <transitions> -->
<!--                 <update to.state.id="openForExecution" chain.id="executionInProgress"> -->
<!--                 	<attribute.change id="custom_is_owner_status" to="open_for_execution"/>GAP - GRC66 -->
<!--                     <attribute.change id="owner_status" to="open_for_execution"/>GAP - GRC66 -->
<!--                 </update> -->
<!--                 <update to.state.id="onHold" chain.id="executionOnHold"> -->
<!--                     <attribute.change id="owner_status" to="on_hold"/> -->
<!--                 </update> -->
<!--                 <update to.state.id="openForReview" chain.id="closedByOwner"> -->
<!--                 	<attribute.change id="custom_is_owner_status" to="to_be_reviewed"/>GAP - GRC66 -->
<!--                      <attribute.change id="owner_status" to="to_be_reviewed"/>GAP - GRC66 -->
<!--                 </update> -->
<!--                 <delete to.state.id="deleted" chain.id="delete"/> -->
<!--             </transitions> -->
<!--         </state> -->

<!--         <state id="onHold"> -->
<!--             <attribute id="creator_status"  value="released"/> -->
<!--             <attribute id="owner_status"    value="on_hold"/> -->
<!--             <attribute id="reviewer_status" value="to_be_reviewed"/> -->
<!--             <transitions> -->
<!--                 <update to.state.id="openForExecution" chain.id="backToInProgress"> -->
<!--                     <attribute.change id="owner_status" to="open_for_execution"/> -->
<!--                 </update> -->
<!--                 <update to.state.id="onHold" chain.id="onHold"> -->
<!--                     <attribute.change id="owner_status" to="on_hold"/> -->
<!--                 </update> -->
<!--                 <update to.state.id="openForReview" chain.id="closedByOwner"> -->
<!--                     <attribute.change id="owner_status" to="to_be_reviewed"/> -->
<!--                 </update> -->
<!--                 <delete to.state.id="deleted" chain.id="delete"/> -->
<!--             </transitions> -->
<!--         </state> -->

<!--         <state id="openForReview"> -->
<!--         	<attribute id="custom_is_creator_status"    value="in_review"/>GAP - GRC66 -->
<!--             <attribute id="custom_is_owner_status" 	    value="to_be_reviewed"/>GAP - GRC66 -->
<!--             <attribute id="custom_is_reviewer_status"	value="in_progress"/>GAP - GRC66 -->
<!--             <attribute id="creator_status"      value="released"/>GAP - GRC66 -->
<!--             <attribute id="owner_status" 	    value="to_be_reviewed"/>GAP - GRC66 -->
<!--             <attribute id="reviewer_status"	    value="to_be_approved"/>GAP - GRC66 -->
<!--             <transitions> -->
<!--                 <update to.state.id="openForReview" chain.id="reviewInProgress"> -->
<!--                 	<attribute.change id="custom_is_owner_status" 	    to="to_be_reviewed"/>GAP - GRC66 -->
<!--                 	<attribute.change id="custom_is_reviewer_status"	to="in_progress"/>GAP - GRC66 -->
<!--                      <attribute.change id="owner_status" 	    to="to_be_reviewed"/>GAP - GRC66 -->
<!--                      <attribute.change id="reviewer_status"	    to="to_be_approved"/>GAP - GRC66 -->
<!--                 </update> -->
<!--                 <update to.state.id="closedByReviewer" chain.id="closedByReviewer"> -->
<!--                 	<attribute.change id="custom_is_reviewer_status" to="approved"/>GAP - GRC66 -->
<!--                      <attribute.change id="reviewer_status" to="approved"/>GAP - GRC66 -->
<!--                 </update> -->
<!--                 <update to.state.id="openForExecution" chain.id="reopenedByReviewer"> -->
<!--                 	<attribute.change id="custom_is_reviewer_status" to="fup"/>GAP - GRC66 -->
<!--                      <attribute.change id="reviewer_status" to="not_approved"/>GAP - GRC66 -->
<!--                 </update> -->
<!--             </transitions> -->
<!--         </state> -->

<!--         <state id="closedByReviewer"> -->
<!--         	<attribute id="custom_is_reviewer_status"	value="approved"/>GAP - GRC66 -->
<!--              <attribute id="reviewer_status"	value="approved"/>GAP - GRC66 -->
<!--         </state> -->
        
<!--         Inicio GAP - GRC66 -->
<!--        <state id="customInElaboration"> -->
<!--         	<attribute id="creator_status" value="in_elaboration"/> --> 
<!--         	<transitions> -->
<!--        		<update to.state.id="customInElaboration" chain.id="customUpdStatus"> -->
<!--        			<attribute.change id="creator_status" to="in_elaboration" /> -->
<!--        		</update> --> 
<!--        		<update to.state.id="openForExecution" chain.id="creationReleased"> --> 
<!--                      <attribute.change id="creator_status" to="released"/> --> 
<!--                </update> --> 
<!--                <delete to.state.id="deleted" chain.id="delete"/> -->
<!--          	</transitions> --> 
<!--         </state> --> 
        
<!--          <state id="customPending"> --> 
<!--         	<attribute id="creator_status" value="pending"/> --> 
<!--          	<transitions> --> 
<!--          		<update to.state.id="customPending" chain.id="customUpdStatus"> --> 
<!--         			<attribute.change id="creator_status" to="pending" /> --> 
<!--         		</update> --> 
<!--          		<delete to.state.id="deleted" chain.id="delete"/> --> 
<!--          	</transitions> --> 
<!--          </state> -->
<!--         Fim GAP - GRC66 -->

<!--         <state.deleted id="deleted"> -->
<!--             <recover to.state.id="openForExecution,openForCreation,onHold" chain.id="recover"/> -->
<!--         </state.deleted> -->

<!--     </workflow> -->

</custom>
