<?xml version="1.0" encoding="UTF-8"?>
<custom xmlns:xsi="http://www.w3.org/2001/XMLSchema-instance" xsi:noNamespaceSchemaLocation="../xsd/custom.xsd">
	
	<objectType id="AUDITSTEP" xmlexport="true" clientDependent="true" extends="MONITORABLE"  licensedComponentIds="am"
                displayAttribute="name" descriptionAttributes="description" dataKind="transactiondata"
                mashzoneId="290" image="iconlib/icons/content/audit_step_16.png">


        <!-- Doc-Name: Description -->
        <textAttrType id="description"/>

        <!-- Doc-Name: Audit step type -->
        <enumAttrType id="step_type" enumeration="auditsteptype" defaultValue="1"/>

        <!-- Doc-Name: Audit step start date-->
        <!-- inheritance attribute taken from MONITORABLE: plannedstartdate-->

        <!-- Doc-Name: Audit step end date-->
        <!-- inheritance attribute taken from RECURRING: plannedenddate-->

        <!-- Doc-Name: Audit step start date (actual)-->
        <dateAttrType id="actualstartdate"/>

        <!-- Doc-Name: Audit step end date (actual)-->
        <dateAttrType id="actualenddate"/>

         <longAttrType id="processingtime" defaultValue="0" precision="duration">
            <validate name="duration" />
        </longAttrType>

        <longAttrType id="actualprocessingtime" defaultValue="0" precision="duration">
            <validate name="duration" />
        </longAttrType>

        <!-- Doc-Name: Documents, API-Name: documents -->
        <listAttrType id="documents" objectType.idref="DOCUMENT" linkType="5250"/>

        <!-- Doc-Name: Audit scope-->
        <listAttrType id="scope" maxSize="1" objectType.idref="HIERARCHY,AUDITSCOPE" linkType="5260"> <!-- linktype? -->
            <listRestriction>
                <attributeRestriction attribute="type" value="financialaccount"/>
            </listRestriction>
            <listRestriction>
                <attributeRestriction attribute="type" value="orgunit"/>
            </listRestriction>
            <listRestriction>
                <attributeRestriction attribute="type" value="process"/>
            </listRestriction>
            <listRestriction>
                <attributeRestriction attribute="type" value="category"/>
            </listRestriction>
            <listRestriction>
                <attributeRestriction attribute="type" value="applicationsystemtype"/>
            </listRestriction>
        </listAttrType>
    <!-- Customizations of GAU01 -->
    
    <longAttrType id="percentage_completed" defaultValue="0" precision="3:0"/>
    <longAttrType id="percentage_total" defaultValue="100" precision="3:0"/>
    
    <listAttrType id="area" objectType.idref="HIERARCHY" linkType="21005"> <!-- linktype? -->
            <listRestriction>
                <attributeRestriction attribute="type" value="orgunit"/>
            </listRestriction>
        </listAttrType>
        <listAttrType id="process" objectType.idref="HIERARCHY" linkType="21006">
            <!-- Add List Restrictions -->
            <listRestriction>
                <attributeRestriction attribute="type" value="process"/>
            </listRestriction>
        </listAttrType>
        <listAttrType id="subprocess" objectType.idref="HIERARCHY" linkType="21007">
            <!-- Add List Restrictions -->
            <listRestriction>
                <attributeRestriction attribute="type" value="process"/>
            </listRestriction>
        </listAttrType>
        <listAttrType id="control" objectType.idref="CONTROL" linkType="21008"/>
    		<!-- End of Customizations of GAU01 -->
        <!-- Doc-Name: Audit step owner group-->
        <!-- inheritance attribute taken from RECURRING: owner_group -->
        <listAttrType id="owner_group" maxSize="1" objectType.idref="USERGROUP" linkType="5280">
            <listRestriction>
                <attributeRestriction attribute="role" value="auditstepowner"/>
                <attributeRestriction attribute="rolelevel" value="object"/>
            </listRestriction>
        </listAttrType>

        <!-- Doc-Name: Performed by-->
        <!-- inheritance attribute taken from TRANSACTIONAL: owner -->
        <listAttrType id="owner" maxSize="1" objectType.idref="USER" linkType="5290" />

        <!-- Doc-Name: Substitude-->
        <!-- inheritance attribute taken from TRANSACTIONAL: owner_substitute -->
        <listAttrType id="owner_substitute" maxSize="1" objectType.idref="USER" linkType="5300" />

        <!-- Doc-Name: Status-->
        <enumAttrType id="owner_status" enumeration="auditstepstatus" defaultValue="1"/>

        <!-- Doc-Name: Reason-->
        <enumAttrType id="notconformreason" enumeration="notconformreason" defaultValue="0"/>

        <!-- Doc-Name: Audit step conclusion documents, API-Name:  -->
        <listAttrType id="stepconclusiondocuments" objectType.idref="DOCUMENT" linkType="5270"/>

        <!-- Doc-Name: Audit step conclusion / Audit step findings, API-Name: AT_DESC -->
        <textAttrType id="stepconclusion"/>

        <!-- Doc-Name: Due status-->
        <enumAttrType id="duestatus" enumeration="duestatus" defaultValue="1"/>

        <enumAttrType id="measure" enumeration="measure_auditStep" defaultValue="0"/>

        <!-- Doc-Name: Remark, API-Name: AT_DESC -->
        <textAttrType id="remark"/>

        <!-- Doc-Name: auditsteps-->
        <listAttrType id="steps" objectType.idref="AUDITSTEP" linkType="5310"  orderType="user" isHierarchical="true"/>
        <listAttrType id="audit" maxSize="1" objectType.idref="AUDIT" linkType="5311" breakCycle="true"/>

        <!-- internal: relation to step template-->
        <!-- not version save  -->
        <listAttrType id="auditsteptemplate" maxSize="1" objectType.idref="AUDITSTEPTEMPLATE" linkType="5330" breakCycle="true" usingFixChildVersion="true"/>

        <!-- unused but because if inheritance we have to implement it -->
        <listAttrType id="reviewer_group" maxSize="1" objectType.idref="USERGROUP" linkType="5320"/>

        <!-- unused but because if inheritance we have to implement it -->
        <!-- inheritance attribute taken from TRANSACTIONAL: reviewer -->
        <listAttrType id="reviewer" maxSize="1" objectType.idref="USER" linkType="5340"/>

        <!-- unused but because if inheritance we have to implement it -->
        <!-- inheritance attribute taken from TRANSACTIONAL: reviewer_substitute -->
        <listAttrType id="reviewer_substitute" maxSize="1" objectType.idref="USER" linkType="5350"/>

        <booleanAttrType id="manuallyCreated" defaultValue="false" />

        <booleanAttrType id="detached" defaultValue="false" />

        <index id="I_AUDITSTEP_1" type="normal">
            <attributeRef attribute="name"/>
        </index>
        <index id="I_AUDITSTEP_2" type="normal">
            <attributeRef attribute="actualstartdate"/>
        </index>
        <index id="I_AUDITSTEP_3" type="normal">                                                                                                           
            <attributeRef attribute="actualenddate"/>
        </index>
        <index id="I_AUDITSTEP_4" type="normal">
            <attributeRef attribute="duestatus"/>
        </index>
    </objectType>
	
	</custom>