<?xml version="1.0" encoding="UTF-8"?>
<custom xmlns:xsi="http://www.w3.org/2001/XMLSchema-instance" xsi:noNamespaceSchemaLocation="../xsd/custom.xsd">

<!-- Início FCT 11.01.2018 - EV109172 -->
	<view id="custom_subprocess_selection" view.parameter="DISTINCT" relevantForMashzoneIntegration="true" viewHandler="com.idsscheer.webapps.arcm.dl.framework.viewhandler.CustomAuditSubprocessSelectionViewHandler">
		<viewObject id="VO_EV109172_subprocess" objectType="HIERARCHY" isMainViewObject="true">
            <viewColumn id="subprocess_id" attributeType="obj_id" isSelectColumn="true"/>
            <viewColumn id="subprocess_processid" attributeType="id" isSelectColumn="true"/>
            <viewColumn id="subprocess_name" attributeType="name" isSelectColumn="true"/>
            <viewColumn id="subprocess_deactivated" attributeType="deactivated" isSelectColumn="true"/>
            <viewColumn id="version_active" attributeType="version_active" isSelectColumn="true" />
            <viewColumn id="type" attributeType="type" isSelectColumn="true" />
            <viewColumn id="subprocess_isroot" attributeType="isroot" isSelectColumn="true" />
		</viewObject>
		<conditions>
			<compoundCondition conditionConnect="AND">
				<condition column.id="subprocess_deactivated" compareType="EQ" value="false"/>
				<condition column.id="version_active" compareType="EQ" value="true"/>
				<condition column.id="type" compareType="EQ" value="4"/>
				<condition column.id="subprocess_isroot" compareType="EQ" value="false"/>
			</compoundCondition>
		</conditions>
	</view>
<!-- Fim FCT 11.01.2018 - EV109172 -->
</custom>