<?xml version="1.0" encoding="UTF-8"?>
<custom xmlns:xsi="http://www.w3.org/2001/XMLSchema-instance" xsi:noNamespaceSchemaLocation="../xsd/custom.xsd">

    <form id="FORM_RISK">
        <logToolbarButtons>
            <buttonReference button.idref="ARIS_REPORT"/>
        </logToolbarButtons>
        <formButtons>
            <!-- <buttonReference button.idref="OBJECT_SAVE"/> -->
            <buttonReference button.idref="CUSTOM_RISK_SAVE"/>
            <buttonReference button.idref="OBJECT_SAVE_AND_NEXT"/>
            <buttonReference button.idref="OBJECT_DELETE"/>
            <buttonReference button.idref="OBJECT_REACTIVATE"/>
            <buttonReference button.idref="OBJECT_RISKASSESSMENT_CREATE"/>
            <buttonReference button.idref="GOTO_CONNECT"/>
            <buttonReference button.idref="PDF_REPORT"/>
            <!-- Inicio REO 20.02.2018 - EV133332 -->
            <buttonReference button.idref="CST_PR_VALIDATION"/>
            <!-- Fim REO 20.02.2018 - EV133332 -->
        </formButtons>
        <page id="risk" licensedComponentIds="tm,rm,il,in">
            <rowGroup id="risk.1">
            	
            	<!-- Inicio GAP GRC29: Inclusão do Atributo "Exportação Relevante" -->
            	<!--  
            	<row id="export_relevant">
            		<element attribute.idref="export_relevant"/>
            	</row>
            	-->
            	<!-- Fim GAP GRC29 -->
                
                <row id="client_sign">
                    <element attribute.idref="client_sign" template="clientSign"/>
                </row>
                <row id="risk_id">
                    <element attribute.idref="risk_id"/>
                </row>
                <row id="name">
                    <element attribute.idref="name"/>
                </row>
                <row id="description">
                    <element attribute.idref="description"/>
                </row>
                
                <!-- Inicio GAP GRC29: Inclusão do Atributo "Causa" -->
                <row id="cause">
                	<element attribute.idref="cause"/>
                </row>                
                <!-- Fim GAP GRC29 -->
                
                <!-- Inicio GAP GRC29: Inclusão do Atributo "Consequencia" -->
                <row id="consequence">
                	<element attribute.idref="consequence"/>
                </row>                
                <!-- Fim GAP GRC29 -->                
                
                <row id="process">
                    <element attribute.idref="process">
                        <parameter name="selectionList" value="AUTO"/>
                        <button.add button.idref="OBJECTLINK" location="row"/>
                        <button.add button.idref="MODELLINK" location="row"/>
                        <button.add button.idref="CONNECTLINK" location="row"/>
                    </element>
                </row>
                <row id="impact">
                    <element attribute.idref="impact"/>
                </row>
                <row id="probability">
                    <element attribute.idref="probability"/>
                </row>
                <row id="finaccount">
                    <element attribute.idref="finaccount">
                        <parameter name="selectionList" value="AUTO"/>
                    </element>
                </row>
                <row id="risktype">
                    <element attribute.idref="risktype">
                        <javaScriptEvent expression="aam_objectcommand('cache')" name="onClick"/>
                    </element>
                </row>
                <!--  Inicio GAP GRC39 -->
				<row id="categderisco">
                    <element attribute.idref="categderisco"/>
                </row>                
                <!--  Fim GAP GRC39 -->
                <row id="manager_group">
                    <element attribute.idref="manager_group">
                        <parameter name="selectionList" value="AUTO"/>
                        <button.add button.idref="RELATION_CREATE" location="toolbar" type="writable"/>
                    </element>
                </row>
                <!-- GRC29 : Exclusão de atributos desnecessários
                <row id="assertions">
                    <element attribute.idref="assertions"/>
                </row>
                -->
                <row id="documents">
                    <element attribute.idref="documents" template="doclink">
                        <parameter name="selectionList" value="AUTO"/>
                    </element>
                </row>
                <!-- GRC29 : Exclusão de atributos desnecessários
                <row id="risk_catalog1">
                    <element attribute.idref="risk_catalog1"/>
                </row>
                <row id="risk_catalog2">
                    <element attribute.idref="risk_catalog2"/>
                </row>
                -->
                
                <!-- Inicio GAP GRC29 -->
                
                <!-- Inclusão do Atributo "Causa" -->
                <!--  
                <row id="cause">
                	<element attribute.idref="cause"/>
                </row>
                -->
                
                <!-- Inclusão do Atributo "Consequencia" -->
                <!-- 
                <row id="consequence">
                	<element attribute.idref="consequence"/>
                </row>
                 -->               
                
                <!-- Fim GAP GRC29 -->
                
            </rowGroup>
        </page>
        <page id="riskassessment" licensedComponentIds="rm,il,in">
            <rowGroup id="riskassessment.1">
                <row id="assessment_activities">
                    <element attribute.idref="assessment_activities"/>
                </row>                
                <!-- GRC29 : Exclusão de atributos desnecessários -->
                <!--        
                <row id="risk_management_relevant">
                    <element attribute.idref="risk_management_relevant">
                        <javaScriptEvent expression="aam_objectcommand('cache');" name="onClick"/>
                    </element>
                </row>                
                <row id="frequency">
                    <element attribute.idref="frequency"/>
                        <javaScriptEvent expression="aam_objectcommand('cache');" name="onChange"/>
                    </element>
                </row>
                <row id="event_driven_allowed">
                    <element attribute.idref="event_driven_allowed"/>
                </row>
                <row id="duration">
                    <element attribute.idref="duration"/>
                </row>
                <row id="startdate">
                    <element attribute.idref="startdate">
                    	<javaScriptEvent expression="aam_objectcommand('customcache');" name="onLoad"/>
                    </element>
                </row>
                <row id="enddate">
                    <element attribute.idref="enddate"/>
                </row>
                -->
                <!-- Fim GAP GRC29 -->
                <row id="owner_group">
                    <element attribute.idref="owner_group">
                        <parameter name="selectionList" value="AUTO"/>
                        <button.add button.idref="RELATION_CREATE" location="toolbar" type="writable"/>
                    </element>
                </row>
                <row id="reviewer_group">
                    <element attribute.idref="reviewer_group">
                        <parameter name="selectionList" value="AUTO"/>
                        <button.add button.idref="RELATION_CREATE" location="toolbar" type="writable"/>
                    </element>
                </row>
                <row id="risk_category">
                    <element attribute.idref="risk_category">
                        <parameter name="selectionList" value="AUTO"/>
                    </element>
                </row>
                <row id="organizational_unit">
                    <element attribute.idref="orgunit">
                        <parameter name="selectionList" value="AUTO"/>
                    </element>
                </row>
                <row id="application_system_type">
                    <element attribute.idref="appsystem">
                        <parameter name="selectionList" value="AUTO"/>
                    </element>
                </row>
            </rowGroup>
            
            <!-- GRC29 : Exclusão de atributos desnecessários -->
            <!-- 
            <rowGroup id="riskassessment.2">
                <row id="rm_notifications_qualitative">
                    <element attribute.idref="rm_notifications_qualitative" >
                        <javaScriptEvent expression="aam_objectcommand('cache');" name="onChange"/>
                    </element>
                </row>
                <row id="th_impact_score">
                    <element attribute.idref="th_impact_score">
                        <parameter name="maxLength" value="20"/>
                        <parameter name="size" value="20"/>
                    </element>
                </row>
                <row id="th_red_impact_score">
                    <element attribute.idref="th_red_impact_score">
                        <parameter name="maxLength" value="20"/>
                        <parameter name="size" value="20"/>
                    </element>
                </row>
                <row id="rm_notifications_quantitative">
                    <element attribute.idref="rm_notifications_quantitative" >
                        <javaScriptEvent expression="aam_objectcommand('cache');" name="onChange"/>
                    </element>
                </row>

                <row id="currency">
                    <element attribute.idref="currency">
                        <javaScriptEvent expression="aam_objectcommand('cache')" name="onChange"/>
                    </element>
                </row>
                <row id="th_exp_min_loss">
                    <element attribute.idref="th_exp_min_loss" template="stringEnum">
                        <parameter name="enumProperty" value="currency"/>
                        <parameter name="maxLength" value="20"/>
                        <parameter name="size" value="20"/>
                    </element>
                </row>
                <row id="th_exp_avg_loss">
                    <element attribute.idref="th_exp_avg_loss" template="stringEnum">
                        <parameter name="enumProperty" value="currency"/>
                        <parameter name="maxLength" value="20"/>
                        <parameter name="size" value="20"/>
                    </element>
                </row>
                <row id="th_exp_max_loss">
                    <element attribute.idref="th_exp_max_loss" template="stringEnum">
                        <parameter name="enumProperty" value="currency"/>
                        <parameter name="maxLength" value="20"/>
                        <parameter name="size" value="20"/>
                    </element>
                </row>
                <row id="th_red_exp_min_loss">
                    <element attribute.idref="th_red_exp_min_loss" template="stringEnum">
                        <parameter name="enumProperty" value="currency"/>
                        <parameter name="maxLength" value="20"/>
                        <parameter name="size" value="20"/>
                    </element>
                </row>
                <row id="th_red_exp_avg_loss">
                    <element attribute.idref="th_red_exp_avg_loss" template="stringEnum">
                        <parameter name="enumProperty" value="currency"/>
                        <parameter name="maxLength" value="20"/>
                        <parameter name="size" value="20"/>
                    </element>
                </row>
                <row id="th_red_exp_max_loss">
                    <element attribute.idref="th_red_exp_max_loss" template="stringEnum">
                        <parameter name="enumProperty" value="currency"/>
                        <parameter name="maxLength" value="20"/>
                        <parameter name="size" value="20"/>
                    </element>
                </row>
                <row id="notification_to">
                    <element attribute.idref="notification_to"/>
                </row>
            </rowGroup>
            -->
            <!-- Fim GAP GRC29 -->
            
        </page>
        <!-- Inicio GAP GRC98 -->
        <page id="residualrisk" licensedComponentIds="tm,rm,il,in">
        	<javaScriptRef scriptName="custom_GRC98"/>
        	<rowGroup id="residualrisk.1">
				<row id="residualrisk_id">
                    <element attribute.idref="risk_id"/>
                </row>
                <row id="residualrisk_name"> 
                    <element attribute.idref="name"/>
                </row>
                <row id="residualra_result"> 
                    <element attribute.idref="ra_result"/>
                </row>
        	</rowGroup>
        	<rowGroup id="residualrisk.2">
        		<row id="residualra_control1line"> 
                    <element attribute.idref="ra_control1line"/>
                </row>
                <row id="residualra_control2line"> 
                    <element attribute.idref="ra_control2line"/>
                </row>
                <row id="residualra_control3line"> 
                    <element attribute.idref="ra_control3line"/>
                </row>
                <row id="residualra_controlfinal"> 
                    <element attribute.idref="ra_controlfinal"/>
                </row>
                <row id="residualra_inef2line"> 
                    <element attribute.idref="ra_inef2line"/>
                </row>
                <row id="residualra_final2line"> 
                    <element attribute.idref="ra_final2line"/>
                </row>
        	</rowGroup>
        	<rowGroup id="residualrisk.3">
        		<row id="residualra_residual1line"> 
                    <element attribute.idref="ra_residual1line"/>
                </row>
                <row id="residualra_residual2line"> 
                    <element attribute.idref="ra_residual2line"/>
                </row>
                <row id="residualra_residual3line"> 
                    <element attribute.idref="ra_residual3line"/>
                </row>
                <row id="residualra_residualfinal"> 
                    <element attribute.idref="ra_residualfinal"/>
                </row>
                <row id="residualra_inef3line"> 
                    <element attribute.idref="ra_inef3line"/>
                </row>
                <row id="residualra_final3line"> 
                    <element attribute.idref="ra_final3line"/>
                </row>
        	</rowGroup>
        </page>
        <!-- Fim GAP GRC98 -->
        
    </form>
   
</custom>
