<?xml version="1.0" encoding="UTF-8"?>
<custom xmlns:xsi="http://www.w3.org/2001/XMLSchema-instance" xsi:noNamespaceSchemaLocation="../xsd/custom.xsd">

	<view id="audittemplatePlanTree" view.parameter="DISTINCT">
        <viewObject id="AUDITSTEPTEMPLATE" objectType="AUDITSTEPTEMPLATE" isMainViewObject="true">
            <viewColumn id="parent_client_id" attributeType="client_objid" isSelectColumn="true"/>
            <viewColumn id="parent_client_sign" attributeType="client_sign" isSelectColumn="true"/>
            <viewColumn id="parent_id" attributeType="obj_id" isSelectColumn="true"/>
            <viewColumn id="parent_version_number" attributeType="version_number" isSelectColumn="true"/>
            <viewColumn id="parent_name" attributeType="name" isSelectColumn="true"/>
            <viewColumn id="plannedstartdate" attributeType="plannedstartdate" isSelectColumn="true"/>
            <viewColumn id="plannedenddate" attributeType="plannedenddate" isSelectColumn="true"/>
            <viewColumn id="parent_deactivated" attributeType="deactivated" isSelectColumn="true"/>
            <viewColumn id="description" attributeType="description" isSelectColumn="true"/>
            <viewColumn id="parent_objectID" attributeType="audittemplate" isSortable="true" isSelectColumn="true"/>
            <viewColumn id="percentage_completed" attributeType="percentage_completed" isSelectColumn="true"/>
            <viewColumn id="percentage_total" attributeType="percentage_total" isSelectColumn="true"/>
        </viewObject>
        <viewObject id="AUDITSTEPTEMPLATE_childstep" objectType="AUDITSTEPTEMPLATE">
            <viewColumn id="child_id" attributeType="obj_id" isSelectColumn="true"/>
        </viewObject>
        <viewObject id="AUDITSTEPTEMPLATE_ownergroup" objectType="USERGROUP">
            <viewColumn id="owner_group" attributeType="name" isSortable="true" isSelectColumn="true"/>
        </viewObject>
        <viewObject id="AUDITSTEPTEMPLATE_scope" objectType="HIERARCHY">
            <viewColumn id="scope" attributeType="name" isSortable="true" isSelectColumn="true"/>
            <viewColumn id="scope_id" attributeType="obj_id" isSortable="true" isSelectColumn="true"/>
            <viewColumn id="scope_type" attributeType="type" isSortable="true" isSelectColumn="true"/>
        </viewObject>
        <link linktype.id="5080" firstViewObject="AUDITSTEPTEMPLATE" secondViewObject="AUDITSTEPTEMPLATE_ownergroup" joinType="LEFT"/>
        <link linktype.id="5070" firstViewObject="AUDITSTEPTEMPLATE" secondViewObject="AUDITSTEPTEMPLATE_scope" joinType="LEFT"/>
        <link linktype.id="5090" firstViewObject="AUDITSTEPTEMPLATE" secondViewObject="AUDITSTEPTEMPLATE_childstep" joinType="LEFT">
            <viewColumn id="child_sequence" attributeType="link_type_int_value" isSelectColumn="true"/>
        </link>
        <conditions>
            <compoundCondition conditionConnect="AND">
                <condition column.id="parent_objectID" compareType="EQ"/>
            </compoundCondition>
        </conditions>
    </view>



</custom>