<?xml version="1.0" encoding="UTF-8"?>
<custom xmlns:xsi="http://www.w3.org/2001/XMLSchema-instance" xsi:noNamespaceSchemaLocation="../xsd/custom.xsd">
	<view id="cst_view_corprisk_rel" view.parameter="DISTINCT" relevantForMashzoneIntegration="true" >
<!-- 	           <viewObject id="VO_risk2control_risk" objectType="RISK" isMainViewObject="true"> -->
<!--             <viewColumn id="risk_obj_id" attributeType="obj_id" isSortable="true" isSelectColumn="true"/>  -->
<!--             <viewColumn id="risk_name" attributeType="name" isSortable="true" isSelectColumn="true"/> -->
<!--             <viewColumn id="risk_description" attributeType="description" isSortable="true" isSelectColumn="true"/> -->
<!--             <viewColumn id="risk_version_active" attributeType="version_active"/> -->
<!--             <viewColumn id="risk_version_number" attributeType="version_number" isSelectColumn="true"/> -->
<!--             <viewColumn id="risk_deactivated" attributeType="deactivated" isSelectColumn="true"/> -->
<!--         </viewObject> -->
<!--          <viewObject id="VO_risk2control_control" objectType="CONTROL" > -->
<!--             <viewColumn id="control_obj_id" attributeType="obj_id" isSelectColumn="true"/> -->
<!--             <viewColumn id="control_id" attributeType="control_id" isSelectColumn="true"/> -->
<!--             <viewColumn id="control_version_active" attributeType="version_active"/> -->
<!--             <viewColumn id="control_deactivated" attributeType="deactivated" /> -->
<!--         </viewObject> -->
		<viewObject id="VO_corprisk_categ" objectType="HIERARCHY" isMainViewObject="true">
        	<viewColumn id="ct_obj_id" attributeType="obj_id" isSelectColumn="true"/>
        	<viewColumn id="ct_name" attributeType="name" isSelectColumn="true" isSortable="false"/>
        </viewObject>
        <viewObject id="VO_hierarchy" objectType="HIERARCHY" isMainViewObject="false">
            <viewColumn id="rc_client" attributeType="client_sign" isSortable="true" isSelectColumn="true"/>
            <viewColumn id="id" attributeType="obj_id" isSortable="true" isSelectColumn="true"/>
            <viewColumn id="rc_rcid" attributeType="riskid" isSortable="true" isSelectColumn="true"/>
            <viewColumn id="rc_name" attributeType="name" isSortable="true" isSelectColumn="true"/>
            <viewColumn id="rc_csttype" attributeType="rc_csttype" isSortable="true" isSelectColumn="true"/>
            <viewColumn id="rc_potencial" attributeType="classpot" isSortable="true" isSelectColumn="true"/>
            <viewColumn id="rc_residual" attributeType="residual" isSortable="true" isSelectColumn="true"/>
            <viewColumn id="deactivated" attributeType="deactivated" isSelectColumn="true"/>
        </viewObject>
<!--         <link linktype.id="4" firstViewObject="VO_risk2control_control" secondViewObject="VO_risk2control_risk"/> -->
<!--         <link linktype.id="3162" firstViewObject="VO_risk2control_risk"  secondViewObject="VO_corprisk_categ" joinType="LEFT"/> -->
        <link linktype.id="46" firstViewObject="VO_corprisk_categ"  secondViewObject="VO_hierarchy" joinType="LEFT"/>
        <conditions>
	        <compoundCondition conditionConnect="AND">
<!--                 <condition column.id="risk_version_active" compareType="EQ" value="true"/> -->
<!--                 <condition column.id="control_version_active" compareType="EQ" value="true"/> -->
<!--                 <condition column.id="control_id" compareType="EQ" /> -->
<!--                 <condition column.id="control_id" compareType="EQ" currentObjectType.id="CONTROL" currentAttributeType.id="control_id"/> -->
<!--                 <condition column.id="risk_deactivated" compareType="EQ"/> -->
<!--                 <condition column.id="control_deactivated" compareType="EQ"/> -->
                <condition column.id="rc_csttype" compareType="EQ" value="12"/>
                <condition column.id="deactivated" compareType="EQ" value="false"/>
            </compoundCondition>
        </conditions>
    </view>
</custom>