<?xml version="1.0" encoding="UTF-8"?>
<custom xmlns:xsi="http://www.w3.org/2001/XMLSchema-instance" xsi:noNamespaceSchemaLocation="../xsd/custom.xsd">

	<uiClassMapping>
		
		<renderers>
			<!-- specific task list renderer to render related AppObj workflow status -->
        	<renderer name="CustomObjectTypeRenderer" clsName="com.idsscheer.webapps.arcm.ui.components.administration.renderer.CustomObjectTypeRenderer" />
		</renderers>
		
		<controls>
			<!-- Inicio REO - 18.08.2017 - Riscos Corporativos -->
			<control name="customhierarchyform" clsName="com.idsscheer.webapps.arcm.ui.components.hierarchy.control.object.CustomHierarchyForm" />
			<!-- Fim REO - 18.08.2017 - Riscos Corporativos -->
			
			<!-- Inicio REO - 26.02.2018 - EV133332 -->
			<control name="customriskform" clsName="com.idsscheer.webapps.arcm.ui.components.risk.control.object.CustomRiskForm" />
			<control name="customraform" clsName="com.idsscheer.webapps.arcm.ui.components.riskassessment.control.object.CustomRiskassessmentForm" />
			<control name="customissueform" clsName="com.idsscheer.webapps.arcm.ui.components.issue.control.object.CustomIssueForm" />
			<control name="customcontrolform" clsName="com.idsscheer.webapps.arcm.ui.components.control.control.object.CustomControlForm" />
			<control name="customceform" clsName="com.idsscheer.webapps.arcm.ui.components.controlexecution.control.object.CustomControlExecutionForm" />
			<control name="customcetform" clsName="com.idsscheer.webapps.arcm.ui.components.controlexecutiontask.control.object.CustomControlexecutiontaskForm" />
			<control name="customtestcaseform" clsName="com.idsscheer.webapps.arcm.ui.components.testcase.control.object.CustomTestcaseForm" />
			<control name="customtestdefform" clsName="com.idsscheer.webapps.arcm.ui.components.testdefinition.control.object.CustomTestdefinitionForm" />
			<!-- Fim REO - 26.02.2018 - EV133332 -->
			
			<control name="simple_list"             clsName="com.idsscheer.webapps.arcm.ui.framework.controls.list.List" >
	            <component name="buttoncolumn"      clsName="com.idsscheer.webapps.arcm.ui.framework.controls.list.helper.ListTableButtonColumn" />
	            <component name="header"            clsName="com.idsscheer.webapps.arcm.ui.framework.controls.list.helper.ListTableHeader" />
	            <component name="row"               clsName="com.idsscheer.webapps.arcm.ui.framework.controls.list.helper.ListTableRow" />
	            <component name="selectcolumn"      clsName="com.idsscheer.webapps.arcm.ui.framework.controls.list.helper.ListTableSelectColumn" />
	            <component name="toolbar"           clsName="com.idsscheer.webapps.arcm.ui.framework.controls.list.helper.ListTableToolBar" />
	        </control>
			
			<control name="customlist" clsName="com.idsscheer.webapps.arcm.ui.framework.controls.list.CustomControlExecListController" extends="simple_list"/>
			
		</controls>
		
		
		
	</uiClassMapping>

</custom>