<?xml version="1.0" encoding="UTF-8"?>
<custom xmlns:xsi="http://www.w3.org/2001/XMLSchema-instance" xsi:noNamespaceSchemaLocation="../xsd/custom.xsd">

	<form id="FORM_ISSUE">
        <logToolbarButtons>
            <buttonReference button.idref="ARIS_REPORT"/>
        </logToolbarButtons>
        <formButtons>
            <buttonReference button.idref="OBJECT_SAVE"/>
            <buttonReference button.idref="OBJECT_SAVE_AND_NEXT"/>
            <buttonReference button.idref="OBJECT_DELETE"/>
            <buttonReference button.idref="OBJECT_REACTIVATE"/>
            <buttonReference button.idref="PDF_REPORT"/>
        </formButtons>
        <page id="issue" licensedComponentIds="im">
        	<javaScriptRef scriptName="custom_GRC74"/>
            <rowGroup id="issue.1">
                <row id="name">
                    <element attribute.idref="name"/>
                </row>
                <!-- GAP-GRC74 Inicio -->
                <row id="action_type">
                    <element attribute.idref="action_type">
                    	<javaScriptEvent expression="aam_objectcommand('customissuedate')" name="onChange"/>
                    </element>
                </row>
                <row id="issue_date" propertyKey="forms.row.issue.issue_date.DBI">
					<element attribute.idref="issue_date"/>
				</row>  
				
				<row id="process_environment">
                    <element attribute.idref="process_environment"/>
                </row>
                
                 <row id="acting_front">
                    <element attribute.idref="acting_front">  
                    <javaScriptEvent expression="aam_objectcommand('customissuegetrisk')" name="onChange"/>
                    <!-- <javaScriptEvent expression="aam_objectcommand('customissueyear')" name="onChange"/> --> 
                     </element>                
                </row>          
                
                <row id="issue_year" propertyKey="forms.row.issue.issue_year.DBI">
                	<element attribute.idref="issue_year"/>
                </row>
                                              
                <row id="rsk_name">
                    <element attribute.idref="rsk_name"/>
                </row>
                
                <row id="ra_result">
                    <element attribute.idref="ra_result"/>
                </row>
                
                <row id="ra_resultadofinal">
                    <element attribute.idref="ra_residualfinal"/>
                </row>
                
                 <row id="cst_modelname">
                    <element attribute.idref="cst_modelname"/>
                </row>
                
                <row id="cst_process">
                    <element attribute.idref="cst_process"/>
                </row>  
                
                 <row id="cst_appsystem">
                    <element attribute.idref="cst_appsystem"/>                        
                </row>              
                                
                <row id="root_cause">
                    <element attribute.idref="root_cause"/>
                </row>  
                                
                <row id="business_unit">
                    <element attribute.idref="business_unit"/>
                    
                </row>
                <!-- GAP-GRC74 Fim -->
                <row id="obj_id" propertyKey="form.row.issue.id.DBI">
                    <element attribute.idref="obj_id"/>
                </row>
                <row id="creator">
                    <element attribute.idref="creator"/>
                </row>
                <row id="creator_status">
                    <element attribute.idref="creator_status">
                        <javaScriptEvent expression="aam_objectcommand('cache');" name="onChange"/>
                    </element>
                </row>
                <!-- Inicio GAP - GRC66 -->
                <row id="custom_is_creator_status">
                    <element attribute.idref="custom_is_creator_status">
                        <javaScriptEvent expression="aam_objectcommand('cache');" name="onChange"/>
                    </element>
                </row>
                <row id="custom_ap_creator_status">
                    <element attribute.idref="custom_ap_creator_status">
                        <javaScriptEvent expression="aam_objectcommand('cache');" name="onChange"/>
                    </element>
                </row>
                <!-- Fim GAP - GRC66 -->
            </rowGroup>
            <rowGroup id="issue.2">
            	<!--  GAP-GRC74 INICIO -->
<!-- 				<row id="appsystem"> -->
<!--                     <element attribute.idref="appsystem"/> -->
<!--                     <parameter name="selectionList" value="AUTO"/> -->
                   	 
<!--                 </row> -->
                <!--  GAP-GRC74 FIM    -->           
                <row id="description">
                    <element attribute.idref="description"/>
                </row>
                 <!--  GAP-GRC74 INICIO -->
                 <!--
                <row id="remark">
                    <element attribute.idref="remark"/>
                </row>
                -->
                <row id="recurrent">
                    <element attribute.idref="recurrent">
                    </element>
                </row>
                 <!--  GAP-GRC74 FIM -->
                <row id="issueRelevantObjects">
                    <element attribute.idref="issueRelevantObjects" template="irorelations">
                        <parameter name="selectionList" value="IssueRelevantObjectSelection"/>
                        <button.remove button.idref="RELATION_OPEN" location="toolbar"/>
                        <button.remove button.idref="RELATION_DETACH" location="toolbar"/>
                    </element>
                </row>
                <row id="created_by_testcase">
                    <element attribute.idref="created_by_testcase"/>
                </row>
                <row id="priority">
                    <element attribute.idref="priority"/>
                </row>
                <row id="category">
                    <element attribute.idref="category"/>
                </row>
                <row id="immediateMeasure">
                    <element attribute.idref="immediateMeasure"/>
                </row>
                <row id="remediationMeasure">
                    <element attribute.idref="remediationMeasure"/>
                </row>
                <row id="plannedenddate">
                    <element attribute.idref="plannedenddate">
                        <javaScriptEvent expression="aam_objectcommand('cache');" name="onChange"/>
                    </element>
                </row>
                                
                <!--  GAP-GRC92 INÍCIO -->
				<row id="replanned">
                    <element attribute.idref="replanned">
                    </element>
                </row>
				<!--  GAP-GRC92 FIM    -->

				<row id="owners">
                    <element attribute.idref="owners">
                        <parameter name="selectionList" value="IssueOwnerSelection"/>
                    </element>
                </row>
                <row id="owner">
                    <element attribute.idref="owner" template="userSubstitute">
                        <parameter name="substitute" value="owner_substitute"/>
                    </element>
                </row>
                <row id="owner_status">
                    <element attribute.idref="owner_status">
                        <javaScriptEvent expression="aam_objectcommand('cache')" name="onChange"/>
                    </element>
                </row>
                <!-- Inicio GAP - GRC66 -->
                <row id="custom_is_owner_status">
                    <element attribute.idref="custom_is_owner_status">
                        <javaScriptEvent expression="aam_objectcommand('cache')" name="onChange"/>
                    </element>
                </row>
                <row id="custom_ap_owner_status">
                    <element attribute.idref="custom_ap_owner_status">
                        <javaScriptEvent expression="aam_objectcommand('cache')" name="onChange"/>
                    </element>
                </row>
                <!-- Fim GAP - GRC66 -->
                <row id="owner_remark">
                    <element attribute.idref="owner_remark"/>
                </row>
                
                <!--  GAP-GRC74 INICIAL    -->   
                <row id="fup_date" propertyKey="forms.row.issue.fup_date.DBI">
					<element attribute.idref="fup_date"/>
				</row>
				<!--  GAP-GRC74 FIM    -->
				
                <row id="reviewers">
                    <element attribute.idref="reviewers">
                        <parameter name="selectionList" value="IssueReviewerSelection"/>
                    </element>
                </row>
                <row id="reviewer_status">
                    <element attribute.idref="reviewer_status">
                        <javaScriptEvent expression="aam_objectcommand('cache')" name="onChange"/>
                    </element>
                </row>
                <!-- Inicio GAP - GRC66 -->
                <row id="custom_is_reviewer_status">
                    <element attribute.idref="custom_is_reviewer_status">
                        <javaScriptEvent expression="aam_objectcommand('cache')" name="onChange"/>
                    </element>
                </row>
                <row id="custom_ap_reviewer_status">
                    <element attribute.idref="custom_ap_reviewer_status">
                        <javaScriptEvent expression="aam_objectcommand('cache')" name="onChange"/>
                    </element>
                </row>
                <!-- Fim GAP - GRC66 -->
                <row id="reviewer_remark">
                    <element attribute.idref="reviewer_remark"/>
                </row>
                
                <!--  GAP-GRC74 INICIAL    -->   
                <row id="fup_date_preview" propertyKey="forms.row.issue.fup_date_preview.DBI">
					<element attribute.idref="fup_date_preview"/>
				</row>				 
				<!--  GAP-GRC74 FIM    -->
                
                <row id="stateTime">
                    <element attribute.idref="stateTime"/>
                </row>
                
                <!-- GAP-GRC74 Inicio--> 
                 <row id="origemteste">
                    <element attribute.idref="issuesource"/>
                </row>          
				<!-- GAP-GRC74 Fim--> 
                
                <row id="documents">
                    <element attribute.idref="documents" template="doclink">
                        <parameter name="selectionList" value="AUTO"/>
                    </element>
                </row>
            </rowGroup>
        </page>
    </form>

</custom>
