<?xml version="1.0" encoding="UTF-8"?>
<custom xmlns:xsi="http://www.w3.org/2001/XMLSchema-instance" xsi:noNamespaceSchemaLocation="../xsd/custom.xsd">

	<view id="custom_CE2Control" view.parameter="DISTINCT" relevantForMashzoneIntegration="true">
		<viewObject id="VO_ce" objectType="CONTROLEXECUTION" isMainViewObject="true">
			<viewColumn id="ce_id" attributeType="obj_id" isSelectColumn="true"/>
		</viewObject>
		<viewObject id="VO_control" objectType="CONTROL">
            <viewColumn id="ct_id" attributeType="obj_id" isSelectColumn="true"/>
            <viewColumn id="ct_name" attributeType="name" isSelectColumn="true"/>
		</viewObject>
		<link linktype.id="6064" firstViewObject="VO_ce" secondViewObject="VO_control"/>
		<conditions>
			<compoundCondition conditionConnect="AND">
				<condition column.id="ce_id" compareType="EQ" currentObjectType.id="CONTROLEXECUTION" currentAttributeType.id="obj_id"/>
				<condition column.id="ce_id" compareType="EQ"/>
			</compoundCondition>
		</conditions>
	</view>

</custom>