<?xml version="1.0" encoding="UTF-8"?>
<custom xmlns:xsi="http://www.w3.org/2001/XMLSchema-instance" xsi:noNamespaceSchemaLocation="../xsd/custom.xsd">
	
    <task id="tester" objectType.idref="TESTCASE" role.idref="tester">
	
        <responsibility>
            <assignedUsergroup objectAttribute.idref="owner_group"/>
        </responsibility>
	
        <taskState>
            <open workflowState.idrefs="openForExecution"/>
<!-- 	            <completed workflowState.idrefs="openForReview,executedAsEffective,executedAsNotTestable"/> -->
			<completed workflowState.idrefs="openForReview,executedAsNotTestable"/>
            <notCompleted workflowState.idrefs="executedAsNotTested"/>
        </taskState>

        <monitorStrategy>
            <monitorLevel type="percentage" value="75"/>
            <monitorLevel type="percentage" value="100">
                <monitorChange objectAttribute.idref="owner_status" value="nottested" />
            </monitorLevel>
        </monitorStrategy>

    </task>	

</custom>