<?xml version="1.0" encoding="UTF-8"?>
<custom xmlns:xsi="http://www.w3.org/2001/XMLSchema-instance" xsi:noNamespaceSchemaLocation="../xsd/custom.xsd">
	
<!-- Inicio REO 24.11.2017 - EV109172 -->	
	<list id="custom_control_sel"
          view.idref="custom_control_selection"
          filter.idref="custom_control_sel_filter"
          idColumn.idref="ct_id"
          defaultOrderColumn.idref="ct_id"
          nameColumn.idref="ct_name"
          destAttributeType.idref="control"
          destDataType.idref="AUDITSTEPTEMPLATE"
          frame="popup"
          listType="selection"
          relatedObjectType.idref="CONTROL"
          useCheckBoxes="false">
<!-- 		<simpleFilterRow> -->
<!-- 			<simpleFilter filterRow.idref="ct_id"/> -->
<!-- 			<simpleFilter filterRow.idref="ct_name"/> -->
<!-- 		</simpleFilterRow> -->
		<listHeaderRow>
			<listHeader column="LC_Corprisk_0" propertyKey="tableheader.controlsel.id"    width="20%"/>
			<listHeader column="LC_Corprisk_1" propertyKey="tableheader.controlsel.name"  width="80%"/>
		</listHeaderRow>
		<column id="LC_Corprisk_0" align="left" dataReference.idref="ct_ctid" />
		<column id="LC_Corprisk_1" align="left" dataReference.idref="ct_name" template="openObject" />
		<listButtons/>
		<rowButtons>
            <buttonReference button.idref="LISTROW_ATTACH_DEST"/>
		</rowButtons>
	</list>
<!-- Fim REO 24.11.2017 - EV109172 -->	

</custom>