<?xml version="1.0" encoding="UTF-8"?>
<custom xmlns:xsi="http://www.w3.org/2001/XMLSchema-instance" xsi:noNamespaceSchemaLocation="../xsd/custom.xsd">

<!-- Inicio REO 26.07.2017 - Risco Corporativo -->
	<view id="cst_view_corprisk2" view.parameter="DISTINCT" relevantForMashzoneIntegration="true" >
		<viewObject objectType="HIERARCHY" id="VO_corprisk_categ" isMainViewObject="true">
        	<viewColumn id="ct_obj_id" attributeType="obj_id" isSelectColumn="true"/>
        	<viewColumn id="ct_name" attributeType="name" isSelectColumn="true" isSortable="false"/>
        </viewObject>
        <viewObject id="VO_hierarchy" objectType="HIERARCHY" isMainViewObject="false">
            <viewColumn id="rc_client" attributeType="client_sign" isSortable="true" isSelectColumn="true"/>
            <viewColumn id="id" attributeType="obj_id" isSortable="true" isSelectColumn="true"/>
            <viewColumn id="rc_rcid" attributeType="riskid" isSortable="true" isSelectColumn="true"/>
            <viewColumn id="rc_name" attributeType="name" isSortable="true" isSelectColumn="true"/>
            <viewColumn id="rc_csttype" attributeType="rc_csttype" isSortable="true" isSelectColumn="true"/>
            <viewColumn id="rc_potencial" attributeType="classpot" isSortable="true" isSelectColumn="true"/>
            <viewColumn id="rc_residual" attributeType="residual" isSortable="true" isSelectColumn="true"/>
        </viewObject>
        <link firstViewObject="VO_corprisk_categ" linktype.id="46" secondViewObject="VO_hierarchy" joinType="LEFT"/>
        <conditions>
            <compoundCondition conditionConnect="AND">
                <condition column.id="rc_csttype" compareType="EQ" value="12"/>
<!--                 <condition column.id="deactivated" compareType="EQ" value="false"/> -->
            </compoundCondition>
        </conditions>
    </view>
<!-- Fim REO 26.07.2017 - Risco Corporativo -->

</custom>