<?xml version="1.0" encoding="UTF-8"?>
<custom xmlns:xsi="http://www.w3.org/2001/XMLSchema-instance" xsi:noNamespaceSchemaLocation="../xsd/custom.xsd">
    
<!-- Inicio GAP GRC52 -->

    <objectType id="TESTDEFINITION" xmlexport="true" extends="RECURRING" displayAttribute="name" licensedComponentIds="tm"
                descriptionAttributes="frequency, duration, startdate"
                mashzoneId="60" arisImportRole="testmanager" image="iconlib/icons/content/test_definition_16.png">
        <textAttrType id="testingsteps" isMassEditable="true"/>
        <enumAttrType id="test_nature" enumeration="natureoftest" isMassEditable="true"/>
        <textAttrType id="testextend" isMassEditable="true"/>
        <enumAttrType id="frequency" enumeration="frequency_including_none" defaultValue="7"/>
                
<!-- GRC52 ADD -->
         <enumAttrType id="origemteste" enumeration="origemteste_test" defaultValue="1"/>                
<!-- GRC52 ADD -->
      <listAttrType id="owner_group" maxSize="1" objectType.idref="USERGROUP" linkType="3">
            <listRestriction>
                <attributeRestriction attribute="role" value="tester"/>
                <attributeRestriction attribute="rolelevel" value="object"/>
            </listRestriction>
        </listAttrType>
        <listAttrType id="reviewer_group" maxSize="1" objectType.idref="USERGROUP" linkType="53">
            <listRestriction>
                <attributeRestriction attribute="role" value="testreviewer"/>
                <attributeRestriction attribute="rolelevel" value="object"/>
            </listRestriction>
        </listAttrType>
        <listAttrType id="manager_group" maxSize="1" objectType.idref="USERGROUP" linkType="5815">
            <listRestriction>
                <attributeRestriction attribute="role" value="testmanager"/>
                <attributeRestriction attribute="rolelevel" value="object"/>
            </listRestriction>
        </listAttrType>
        <listAttrType id="orgunit" maxSize="1" objectType.idref="HIERARCHY" linkType="49">
            <listRestriction>
                <attributeRestriction attribute="type" value="orgunit"/>
            </listRestriction>
        </listAttrType>
        <stringAttrType id="walkthroughName" maxCharCount="50" isMassEditable="true">
            <validate name="maxlength" arg0="50"/>
        </stringAttrType>
        <stringAttrType id="walkthroughCounter" maxCharCount="50" isMassEditable="true">
            <validate name="maxlength" arg0="50"/>
        </stringAttrType>
        <booleanAttrType id="isfollowup" isMassEditable="true" defaultValue="true"/>
        <enumAttrType id="testtype" enumeration="testtype" isMassEditable="true"/>
        
        <index id="I_TESTDEFINITION_4" type="normal">
            <attributeRef attribute="walkthroughName"/>
        </index>
        <index id="I_TESTDEFINITION_5" type="normal">
            <attributeRef attribute="walkthroughCounter"/>
        </index>
        <index id="I_TESTDEFINITION_6" type="fullText">
            <attributeRef attribute="isfollowup"/>
        </index>
        <index id="I_TESTDEFINITION_NAME" type="normal">
            <attributeRef attribute="name"/>
        </index>
    </objectType>

</custom>
