<?xml version="1.0" encoding="UTF-8"?>
<custom xmlns:xsi="http://www.w3.org/2001/XMLSchema-instance" xsi:noNamespaceSchemaLocation="../xsd/custom.xsd">

	<rightsPaths>
	
		<paths role="controlexecutionowner">
	        <rightsObject objectType="USERGROUP">
	            <rightsPath dataKind="masterdata"/>
	        </rightsObject>
	        <rightsObject objectType="USER">
	            <rightsPath dataKind="masterdata">
	                <node from="USERGROUP" to="USER" connectingAttribute="groupmembers"/>
	            </rightsPath>
	        </rightsObject>
	        <rightsObject objectType="CONTROLEXECUTION">
	            <rightsPath dataKind="transactiondata">
	                <node from="USERGROUP" to="CONTROLEXECUTION" connectingAttribute="owner_group"/>
	            </rightsPath>
	        </rightsObject>
	        <rightsObject objectType="CONTROL">
	            <rightsPath dataKind="masterdata">
	                <node from="CONTROLEXECUTION" to="CONTROL" connectingAttribute="control"/>
	            </rightsPath>
	            <rightsPath dataKind="transactiondata">
	            	<node from="CONTROLEXECUTION" to="CONTROL" connectingAttribute="control"/>
<!-- 	                <node from="USERGROUP" to="CONTROL" connectingAttribute="manager_group"/> -->
<!-- 	                <node from="CONTROL" to="TESTCASE" connectingAttribute="control"/> -->
<!-- 	                <node from="TESTCASE" to="CONTROL" connectingAttribute="control"/> -->
	            </rightsPath>
        	</rightsObject>
	    </paths>
	
	</rightsPaths>

</custom>