<?xml version="1.0" encoding="UTF-8"?>
<custom xmlns:xsi="http://www.w3.org/2001/XMLSchema-instance" xsi:noNamespaceSchemaLocation="../xsd/custom.xsd">
    
	<view id="customCET2CtrlExec" view.parameter="DISTINCT" relevantForMashzoneIntegration="true">
        <viewObject id="VO_ce_obj" objectType="CONTROLEXECUTION" isMainViewObject="true">
            <viewColumn id="client_sign" attributeType="client_sign" isSelectColumn="true"/>
            <viewColumn id="obj_id" attributeType="obj_id" isSelectColumn="true"/>
            <viewColumn id="id" attributeType="id" isSortable="true"/>
            <viewColumn id="version_active" attributeType="version_active"/>
            <viewColumn id="owner_group" attributeType="owner_group" isSortable="true" isSelectColumn="true"/>
            <viewColumn id="owner_status" attributeType="owner_status" isSortable="true" isSelectColumn="true"/>
            <viewColumn id="owner" attributeType="owner" isSortable="true"/>
            <viewColumn id="due_status" attributeType="due_status" isSortable="true" isSelectColumn="true"/>
            <viewColumn id="anomaly_rate" attributeType="anomaly_rate" isSelectColumn="true"/>
            <viewColumn id="completion_rate" attributeType="completion_rate" isSelectColumn="true"/>
            <viewColumn id="activities" attributeType="activities" isSelectColumn="true"/>
            <viewColumn id="selectivity" attributeType="selectivity"/>
            <viewColumn id="result_format" attributeType="result_format"/>
            <viewColumn id="deactivated" attributeType="deactivated"/>
            <viewColumn id="plannedstartdate" attributeType="plannedstartdate" isSelectColumn="true"/>
            <viewColumn id="plannedenddate" attributeType="plannedenddate" isSelectColumn="true"/>
            <viewColumn id="execution_date" attributeType="execution_date" isSortable="true" isSelectColumn="true"/>
            <!-- cloned date attributes to support date-range filter -->
            <viewColumn id="plannedstartdate_clone" attributeType="plannedstartdate"/>
            <viewColumn id="plannedenddate_clone" attributeType="plannedenddate"/>
            <viewColumn id="execution_date_clone" attributeType="execution_date"/>
            <viewColumn id="version_number" attributeType="version_number" isSelectColumn="true"/>
        </viewObject>
        <viewObject id="VO_ce_control" objectType="CONTROL">
            <viewColumn id="control_objId" attributeType="obj_id"/>
            <viewColumn id="control_name" attributeType="name" isSelectColumn="true"/>
        </viewObject>
        <viewObject id="VO_ce_task" objectType="CONTROLEXECUTIONTASK">
            <viewColumn id="ce_task_objId" attributeType="obj_id"/>
            <viewColumn id="ce_task_name" attributeType="name" isSelectColumn="true"/>
        </viewObject>
        <!-- Inicio GAP - GRC14 -->
        <viewObject id="VO_ce_usergroup" objectType="USERGROUP">
            <viewColumn id="ownergroup_name" attributeType="name" isSortable="true" isSelectColumn="true"/>
            <viewColumn id="ownergroup_version_active" attributeType="version_active"/>
        </viewObject>
        <viewObject id="VO_ce_owner" objectType="USER">
            <viewColumn id="owner_name" attributeType="name"/>
            <viewColumn id="owner_deactivated" attributeType="deactivated"/>
        </viewObject>
        <!-- Fim GAP - GRC14 -->
        <link linktype.id="6055" firstViewObject="VO_ce_task" secondViewObject="VO_ce_obj"/>
        <link linktype.id="6050" firstViewObject="VO_ce_task" secondViewObject="VO_ce_control"/>
        <!-- Inicio GAP - GRC14 -->
        <link linktype.id="6056" firstViewObject="VO_ce_obj" secondViewObject="VO_ce_usergroup"/>
        <link linktype.id="6057" firstViewObject="VO_ce_obj" secondViewObject="VO_ce_owner" joinType="LEFT"/>
		<!-- Fim GAP - GRC14 -->
		
        <conditions>
            <!-- arbitrary attributes -->
            <compoundCondition conditionConnect="AND">
                <!-- fix condition -->
                <condition column.id="ce_task_objId" compareType="EQ" currentObjectType.id="CONTROLEXECUTIONTASK" currentAttributeType.id="obj_id"/>
                <!-- main object attributes -->
                <condition column.id="client_sign" compareType="LIKE"/>
                <condition column.id="id" compareType="EQ"/>
                <condition column.id="owner_status" compareType="EQ"/>
<!--                 <condition column.id="owner" compareType="LIKE"/> --><!-- GAP - GRC14 -->
                <condition column.id="due_status" compareType="EQ"/>
                <condition column.id="version_active" compareType="EQ" value="true"/>
                <condition column.id="activities" compareType="LIKE"/>
                <condition column.id="selectivity" compareType="LIKE"/>
                <condition column.id="result_format" compareType="LIKE"/>
                <condition column.id="deactivated" compareType="EQ"/>
                <condition column.id="execution_date" compareType="EQ"/>
                <!-- date range -->
                <condition column.id="plannedstartdate" compareType="GE"/>
                <condition column.id="plannedenddate" compareType="LE"/>
                <!-- attributes of the other objects -->
                <condition column.id="control_name" compareType="LIKE"/>
                <condition column.id="ce_task_name" compareType="LIKE"/>
                <!-- Inicio GAP - GRC14 -->
                <condition column.id="ownergroup_name" compareType="LIKE"/>
                <condition column.id="ownergroup_version_active" compareType="EQ" value="true"/>
                <condition column.id="owner_name" compareType="LIKE"/>
                <!-- "owner" might not be set yet -->
                <compoundCondition conditionConnect="OR">
                    <condition column.id="owner_deactivated" compareType="EQ" value="false"/>
                    <condition column.id="owner_deactivated" compareType="ISNULL"/>
                </compoundCondition>
			<!-- Fim GAP - GRC14 -->
            </compoundCondition>
        </conditions>
    </view>    

</custom>