<?xml version="1.0" encoding="UTF-8"?>
<custom xmlns:xsi="http://www.w3.org/2001/XMLSchema-instance" xsi:noNamespaceSchemaLocation="../xsd/custom.xsd">

	<form id="FORM_RISKASSESSMENT" controlName="riskassessmentform">
        <logToolbarButtons>
            <buttonReference button.idref="ARIS_REPORT"/>
        </logToolbarButtons>
        <formButtons>
        	<!-- Inicio GAP GRC14 -->
            <!-- <buttonReference button.idref="OBJECT_SAVE"/> -->
            <buttonReference button.idref="CUSTOM_RA_SAVE"/>
            <!-- Fim GAP GRC14 -->
            <buttonReference button.idref="OBJECT_SAVE_AND_NEXT"/>
            <buttonReference button.idref="OBJECT_DELETE"/>
            <buttonReference button.idref="OBJECT_REACTIVATE"/>
            <buttonReference button.idref="OBJECT_TRANSFER"/>
            <buttonReference button.idref="OBJECT_COPY_LOSSVALUES"/>
            <buttonReference button.idref="PDF_REPORT"/>
        </formButtons>
        <page id="riskassessment" licensedComponentIds="rm">
        	<javaScriptRef scriptName="custom_GRC39"/>
            <rowGroup id="riskassessment.1">
                <row id="client_sign">
                    <element attribute.idref="client_sign" template="clientSign"/>
                </row>
                <row id="process_model_name" propertyKey="form.row.risk.assessment.process_model_name.DBI">
                    <element attribute.idref="process" template="childAttribute">
                        <parameter name="listAttribute1" value="model_name"/>
                    </element>
                </row>
                <row id="process" propertyKey="form.row.risk.assessment.process.DBI">
                    <element attribute.idref="process">
                        <button.add button.idref="OBJECTLINK" location="row"/>
                        <button.add button.idref="MODELLINK" location="row"/>
                    </element>
                </row>
                <!-- Inicio GAP - GRC39 -->
                <row id="risk_id">
                    <element attribute.idref="risk_id"/>
                </row>
                <!-- Inicio GAP - GRC39 -->
                <row id="risk">
                    <element attribute.idref="risk">
                        <parameter name="selectionList" value="AUTO"/>
                    </element>
                </row>
            </rowGroup>
            <rowGroup id="riskassessment.2">
                <row id="obj_id" propertyKey="form.row.risk.assessment.id.DBI">
                    <element attribute.idref="obj_id"/>
                </row>
                <row id="reviewer_group">
                    <element attribute.idref="reviewer_group"/>
                </row>
                <row id="owner_group">
                    <element attribute.idref="owner_group"/>
                </row>
                <row id="assessment_periode"
                     propertyKey="form.row.risk.assessment.period.DBI">
                    <cell separator=" - ">
                        <element attribute.idref="plannedstartdate"/>
                        <element attribute.idref="plannedenddate"/>
                    </cell>
                </row>
                <row id="execution_date">
                    <element attribute.idref="execution_date"/>
                </row>
                <row id="owner">
                    <element attribute.idref="owner" template="userSubstitute">
                        <parameter name="substitute" value="owner_substitute"/>
                    </element>
                </row>
            </rowGroup>
            <rowGroup id="riskassessment.3">
                <row id="risk_category">
                    <element attribute.idref="risk_category"/>
                </row>
                <row id="organizational_unit">
                    <element attribute.idref="orgunit"/>
                </row>
                <row id="application_system_type">
                    <element attribute.idref="appsystem"/>
                </row>
                <row id="finaccount">
                    <element attribute.idref="finaccount"/>
                </row>
                <row id="assessment_activities">
                    <element attribute.idref="assessment_activities"/>
                </row>
                <row id="basis_of_valuation">
                    <element attribute.idref="basis_of_valuation"/>
                </row>
                <row id="data_source">
                    <element attribute.idref="data_source"/>
                </row>
                <row id="currency">
                    <element attribute.idref="currency">
                        <javaScriptEvent expression="aam_objectcommand('cache')" name="onChange"/>
                    </element>
                </row>
                <!-- Inicio GAP GRC29 -->
				<row id="progress">
            		<element attribute.idref="progress"/>
            	</row>                
                <!-- Fim GAP GRC29 -->
            </rowGroup>
            <rowGroup id="riskassessment.5">
                <row id="owner_status">
                    <element attribute.idref="owner_status">
                        <javaScriptEvent expression="aam_objectcommand('cache')" name="onChange"/>
                    </element>
                </row>
                <row id="reviewer_status">
                    <element attribute.idref="reviewer_status">
                        <javaScriptEvent expression="aam_objectcommand('cache')" name="onChange"/>
                    </element>
                </row>
                <row id="documents">
                    <element attribute.idref="documents" template="doclink">
                        <parameter name="selectionList" value="AUTO"/>
                    </element>
                </row>
                <row id="remark">
                    <element attribute.idref="remark"/>
                </row>
            </rowGroup>
        </page>
        <page id="ra_impacttypes" licensedComponentIds="rm">
			<!-- Inicio GAP GRC29 -->
            <rowGroup id="riskassessment.7">
           		<row id="result_assessment">
            		<element attribute.idref="result_assessment"/>
            	</row>
            	<row id="height">
            		<element attribute.idref="height"/>
            	</row>
            </rowGroup>
            <!-- Fim GAP GRC29 -->        
            <rowGroup id="riskassessment.6">
                <row id="impacttypes" attribute.idref="impacttypes" template="riskassessmentStructure"/>
            </rowGroup>
        </page>
    </form>    
   
</custom>
