<?xml version="1.0" encoding="UTF-8"?>
<custom xmlns:xsi="http://www.w3.org/2001/XMLSchema-instance" xsi:noNamespaceSchemaLocation="../xsd/custom.xsd">
	
	<list id="control2testaction"
          view.idref="control2testaction"
          filter.idref="testactionCommon"
          idColumn.idref="ta_id"
          defaultOrderColumn.idref="ta_id"
          frame="tabcontent"
          relatedObjectType.idref="TESTCASE"
         rightsPath.datakind="transactiondata">
		<simpleFilterRow>
			<simpleFilter filterRow.idref="owner_status"/>
			<simpleFilter filterRow.idref="testing_period"/>
		</simpleFilterRow>
		<simpleFilterRow>
			<simpleFilter filterRow.idref="type"/>
			<simpleFilter filterRow.idref="control_period"/>
		</simpleFilterRow>
		<listHeaderRow>
			<listHeader column="LC_control2testaction_1" propertyKey="tableheader.testcase" rowSpan="2" width="8%"/>
			<listHeader column="LC_control2testaction_9" propertyKey="tableheader.client" rowSpan="2" width="9%"/>
			<listHeader column="LC_control2testaction_2" propertyKey="tableheader.responsible.testergroup" rowSpan="2" width="11%"/>
			<listHeader column="LC_control2testaction_3" propertyKey="tableheader.performed.by" rowSpan="2" width="11%"/>
			<listHeader column="LC_control2testaction_4" propertyKey="tableheader.testing.date" rowSpan="2" width="9%"/>
			<listHeader colSpan="2" propertyKey="tableheader.testing.period" width="14%"/>
            <listHeader column="LC_control2testaction_7"
                 propertyKey="tableheader.owner.status.short.DBI"
                 tooltip="tableheader.owner.status.DBI"
                 rowSpan="2"
                 width="5%"/>
            <listHeader column="LC_control2testaction_7b"
                 propertyKey="tableheader.reviewer.status.short.DBI"
                 tooltip="tableheader.reviewer.status.DBI"
                 rowSpan="2"
                 width="5%"/>
            <listHeader column="LC_control2testaction_7c" propertyKey="tableheader.measure.DBI" rowSpan="2" width="5%"/>
			<listHeader column="LC_control2testaction_8" propertyKey="tableheader.type" rowSpan="2" width="3%"/>
			<!-- Inicio DMM 21.12.2017 - EV126618 (Ocultação das colunas de Risco e Processo da Lista de Casos de Teste) -->
<!-- 			<listHeader column="LC_control2testaction_10" propertyKey="tableheader.function" rowSpan="2" width="7%"/> -->
<!-- 			<listHeader column="LC_control2testaction_11" propertyKey="tableheader.name.soa.relevance" rowSpan="2" width="13%"/> -->
			<!-- Fim DMM 21.12.2017 - EV126618 (Ocultação das colunas de Risco e Processo da Lista de Casos de Teste) -->
		</listHeaderRow>
		<listHeaderRow>
			<listHeader column="LC_control2testaction_5" propertyKey="tableheader.testing.begin" width="7%"/>
			<listHeader column="LC_control2testaction_6" propertyKey="tableheader.testing.end" width="7%"/>
		</listHeaderRow>
		<column id="LC_control2testaction_1" dataReference.idref="ta_id" template="openObject">
			<parameter name="idColumn" value="ta_id"/>
		</column>
		<column id="LC_control2testaction_9" align="center" dataReference.idref="client_sign" />
		<column id="LC_control2testaction_2" dataReference.idref="tester_group_name" template="object">
			<parameter name="deactivatedColumn" value="tester_group_deactivated"/>
		</column>
		<column id="LC_control2testaction_3" dataReference.idref="username" template="userSubstitute">
			<parameter name="substitute" value="substitute_deactivated"/>
			<parameter name="deactivatedProperty" value="user_deactivated"/>
			<parameter name="substituteDeactivatedProperty" value="substitute_deactivated"/>
		</column>
		<column id="LC_control2testaction_4" align="center" dataReference.idref="testdatefrom" />
		<column id="LC_control2testaction_5" align="center" dataReference.idref="plannedstartdate" />
		<column id="LC_control2testaction_6" align="center" dataReference.idref="plannedenddate" />
		<column id="LC_control2testaction_7" align="center" dataReference.idref="owner_status" />
        <column id="LC_control2testaction_7b" align="center" dataReference.idref="reviewer_status" />
        <column id="LC_control2testaction_7c" align="center" dataReference.idref="measure" />
		<column id="LC_control2testaction_8" align="center" dataReference.idref="type" />
		<!-- Inicio DMM 21.12.2017 - EV126618 (Ocultação das colunas de Risco e Processo da Lista de Casos de Teste) -->
<!-- 		<column id="LC_control2testaction_10" dataReference.idref="function_name" template="object"/> -->
<!-- 		<column id="LC_control2testaction_11" dataReference.idref="risk_name" template="object"/> -->
		<!-- Fim DMM 21.12.2017 - EV126618 (Ocultação das colunas de Risco e Processo da Lista de Casos de Teste) -->
		<listButtons>
			<buttonReference button.idref="PARENT_LIST_OPEN"/>
			<buttonReference button.idref="LIST_CHECKOUT" function="aam_objectcommand('checkoutDialog', null, '_parent')"/>
		</listButtons>
		<rowButtons>
			<buttonReference button.idref="RELATION_POPUP"/>
			<buttonReference button.idref="LISTROW_CHECKOUT" function="aam_objectcommand('checkoutDialog', '[id]',  '_parent')"/>
		</rowButtons>
	</list>

</custom>