<?xml version="1.0" encoding="UTF-8"?>
<custom xmlns:xsi="http://www.w3.org/2001/XMLSchema-instance" xsi:noNamespaceSchemaLocation="../xsd/custom.xsd">

	<filter id="cst_filter_corprisk_rel" dataSource.idref="cst_view_corprisk_rel">
        <filterRow id="corprisk_id">
            <filterElement dataReference.idref="rc_rcid"  />
        </filterRow>
        <filterRow id="corprisk_name">
            <filterElement dataReference.idref="rc_name"  />
        </filterRow>
        <filterRow id="corprisk_categ" propertyKey="filter.row.cst_filter_corprisk.corprisk_categ.DBI">
        	<filterElement dataReference.idref="ct_name" />
        </filterRow>
    </filter>	    
</custom>