<?xml version="1.0" encoding="UTF-8"?>
<custom xmlns:xsi="http://www.w3.org/2001/XMLSchema-instance" xsi:noNamespaceSchemaLocation="../xsd/custom.xsd">

<catalog id="riskassessment">
         
        <commandchain id="prepareJob">
            <command id="assignedUsergroupsCheck" />
            <command id="riskActiveHierarchiesCheck" />
            <!-- Inicio REO 06.11.2017 - EV114258 -->
<!--             <command id="dueCheck" /> -->
            <command id="customDueCheck">
            	<parameter name="object_type" value="riskassessment"/>
            </command>
            <!-- Fim REO 06.11.2017 - EV114258 -->
            <command id="riskassessmentGenerate" />
        </commandchain>

        <commandchain id="prepareManual">
            <command id="createObjectDialog" />
            <command id="checkObjectPersistent" />
            <command id="isRiskManagementRelevantCheck" />
            <command id="isEventDrivenCheck" />
            <command id="assignedUsergroupsCheck" />
            <command id="riskActiveHierarchiesCheck" />
            <command id="requestDialog" >
                <parameter name="dialogID" value="riskassessment_create" />
            </command>
			<!-- creates a calculator from the entered data -->
            <command id="dueCheck" />
            <command id="riskassessmentGenerate" />
        </commandchain>
        
        <commandchain id="insertJob">
            <command id="prepareJobMessage">
                <parameter name="message_template" value="generatorjob" />
                <parameter name="list_name" value="riskassessment_owner" />
                <parameter name="filter_name" value="owner_status" />
                <parameter name="filter_value" value="open" />
            </command>
        </commandchain>
        
        <commandchain id="insertManual">
            <command id="sendMail">
                <parameter name="template" value="riskassessment_created"/>
                <parameter name="to" value="owner_group"/>
            </command>
        </commandchain>

        <commandchain id="executionInProgress">
            <command id="update">
                <parameter name="owner_status" value="in_progress" />
            </command>
            <command id="setOperator">
                <parameter name="operator" value="owner" />
            </command>
            <command id="saveDependentObjects">
                <parameter name="listAttributeID" value="impacttypes"/>
            </command>
        </commandchain>

        <commandchain id="executionAssessed">
            <command id="closingRiskassessmentDialog" />
            <command id="setOperator">
                <parameter name="operator" value="owner" />
            </command>
            <command id="update">
                <parameter name="reviewer_status" value="unspecified"/>
            </command>
<!--             <command id="customSaveDependentObjects"> -->
<!--             	<parameter name="listAttributeID" value="impacttypes"/> -->
<!--             </command> -->
            <command id="saveDependentObjects">
                <parameter name="listAttributeID" value="impacttypes"/>
            </command>
            <command id="sendMail">
                <parameter name="template" value="riskassessment_closed_assessed"/>
                <parameter name="to" value="reviewer_group"/>
            </command>
        </commandchain>

        <commandchain id="executionAssessmentNotPossible">                
            <!-- includes the confirmation dialog -->
            <command id="riskAssessmentReset"/>
            <command id="setOperator">
                <parameter name="operator" value="owner" />
            </command>
            <command id="update">
                <parameter name="reviewer_status" value="unspecified"/>
            </command>
            <command id="saveDependentObjects">
                <parameter name="listAttributeID" value="impacttypes"/>
            </command>
            <command id="sendMail">
                <parameter name="template" value="riskassessment_closed_assessment_not_possible"/>
                <parameter name="to" value="reviewer_group"/>
            </command>
        </commandchain>
                         
        <commandchain id="executionNotAssessed">
            <command id="setOperator">
                <parameter name="operator" value="owner" />
            </command>
            <command id="saveDependentObjects">
                <parameter name="listAttributeID" value="impacttypes"/>
            </command>
        </commandchain>
        
        <commandchain id="reviewAgreed">               
            <command id="closingObjectDialog" />
            <command id="setOperator">
                <parameter name="operator" value="reviewer" />
            </command>
            <command id="sendRiskAssessmentThresholdReachedIfNecessaryMessage" />
        </commandchain>
        
        <commandchain id="reviewReopen">
            <command id="closingObjectDialog" />
            <command id="setOperator">
                <parameter name="operator" value="reviewer" />
            </command>
            <command id="update">
                <parameter name="owner_status"    value="in_progress"/>
            </command>
            <command id="prolongDate">
                <parameter name="attributeID" value="plannedenddate"/>
                <parameter name="minimumDays" value="14"/>
            </command>
            <command id="saveDependentObjects">
                <parameter name="listAttributeID" value="impacttypes"/>
            </command>
            <command id="sendMail">
                <parameter name="template" value="riskassessment_reopened"/>
                <parameter name="to" value="owner_group"/>
            </command>
        </commandchain>

        <commandchain id="delete">
            <command id="checkRiskassessmentDeletionPossible"/>
        </commandchain>

        <commandchain id="recover" />
                       
    </catalog>

</custom>

    