<?xml version="1.0" encoding="UTF-8"?>

<custom xmlns:xsi="http://www.w3.org/2001/XMLSchema-instance" xsi:noNamespaceSchemaLocation="../xsd/custom.xsd">

	<task id="riskowner" objectType.idref="RISKASSESSMENT" role.idref="riskowner">

        <responsibility>
            <assignedUsergroup objectAttribute.idref="owner_group"/>
        </responsibility>

        <taskState>
            <open workflowState.idrefs="openForExecution"/>
            <completed workflowState.idrefs="openForReview"/>
<!--             <notCompleted workflowState.idrefs="closedByJob"/> -->
			<notCompleted workflowState.idrefs=""/>
        </taskState>

        <monitorStrategy>
			<monitorLevel type="percentage" value="75"/>
            <monitorLevel type="percentage" value="100">
            	<monitorChange objectAttribute.idref="progress" value="overdue" />
            </monitorLevel>
<!--                 <monitorChange objectAttribute.idref="owner_status" value="not_assessed" /> -->
<!--             </monitorLevel> -->
        </monitorStrategy>

    </task>

</custom>