<?xml version="1.0" encoding="UTF-8"?>
<custom xmlns:xsi="http://www.w3.org/2001/XMLSchema-instance" xsi:noNamespaceSchemaLocation="../xsd/custom.xsd">
 

	<list id="Issues3"
         view.idref="Issues3"
         filter.idref="issues3"
         idColumn.idref="IssueID"
         defaultOrderColumn.idref="IssueID"
         allowMarkAsIssueRelevant="true"
         relatedObjectType.idref="ISSUE"
         propertyKey="list.Issues3.DBI">
        <roleRestriction role="issuemanager"/>
        <roleRestriction role="issueauditor"/>
        <simpleFilterRow>
            <simpleFilter filterRow.idref="IssueID"/>
            <simpleFilter filterRow.idref="remediationPlannedBefore"/>
        </simpleFilterRow>
        <simpleFilterRow>
            <simpleFilter filterRow.idref="name"/>
            <simpleFilter filterRow.idref="description"/>
        </simpleFilterRow>
        <simpleFilterRow>
             <simpleFilter filterRow.idref="owner_status"/>
             <simpleFilter filterRow.idref="owner_name"/>
        </simpleFilterRow>
        <simpleFilterRow>   
            <simpleFilter filterRow.idref="custom_is_creator_status"/>
            <simpleFilter filterRow.idref="custom_ap_creator_status"/> 
        </simpleFilterRow>
        <extendedFilterRow>
        	<extendedFilter filterRow.idref="creator_status"/>
            <extendedFilter filterRow.idref="creator_name"/> 
        </extendedFilterRow>
        <extendedFilterRow>
            <extendedFilter filterRow.idref="custom_ap_owner_status"/>  
            <extendedFilter filterRow.idref="custom_is_owner_status"/>      
        </extendedFilterRow>
        <extendedFilterRow>
            <extendedFilter filterRow.idref="reviewer_name"/>  
            <extendedFilter filterRow.idref="reviewer_status"/>             
        </extendedFilterRow>
        <extendedFilterRow>
            <extendedFilter filterRow.idref="custom_is_reviewer_status"/>
            <extendedFilter filterRow.idref="custom_ap_reviewer_status"/>
        </extendedFilterRow>
        <extendedFilterRow>
            <extendedFilter filterRow.idref="stateTime"/>
            <extendedFilter filterRow.idref="remark"/>
        </extendedFilterRow>
        <extendedFilterRow>
            <extendedFilter filterRow.idref="remediationMeasure"/>
            <extendedFilter filterRow.idref="category"/>
        </extendedFilterRow>
        <extendedFilterRow>
            <extendedFilter filterRow.idref="created_by_testcase"/>
            <extendedFilter filterRow.idref="deactivated"/>
        </extendedFilterRow>
        <extendedFilterRow>
            <extendedFilter filterRow.idref="action_type"/>
            <extendedFilter filterRow.idref="replanned"/>            
        </extendedFilterRow>
        <extendedFilterRow>
            <extendedFilter filterRow.idref="recurrent"/>                        
        </extendedFilterRow>
        <listHeaderRow>
            <listHeader column="LC_Issues_1" propertyKey="tableheader.issue.id.DBI" width="4%"/>
            <listHeader column="LC_Issues_12" propertyKey="tableheader.issue.action_type.DBI" width="6%"/>
            <listHeader column="LC_Issues_2" propertyKey="tableheader.issue.name.DBI" width="6%"/>
            <listHeader column="LC_Issues_3" propertyKey="tableheader.issue.priority.DBI" width="4%"/>
            <listHeader column="LC_Issues_4" propertyKey="tableheader.issue.creator.DBI" width="5%"/> 
            <listHeader column="LC_Issues_5" propertyKey="tableheader.issue.remedationPlannedBefore.short.DBI" tooltip="tableheader.issue.remedationPlannedBefore.DBI" width="5%"/>
            <!--  
            <listHeader column="LC_Issues_11" propertyKey="tableheader.issue.creatorStatus.short.DBI" tooltip="tableheader.issue.creatorStatus.DBI" width="3%"/>
            <listHeader column="LC_Issues_6" propertyKey="tableheader.issue.ownerStatus.short.DBI" tooltip="tableheader.issue.ownerStatus.DBI" width="3%"/>
            <listHeader column="LC_Issues_7" propertyKey="tableheader.issue.reviewerStatus.short.DBI" tooltip="tableheader.issue.reviewerStatus.DBI" width="3%"/>
              -->
            <listHeader column="LC_Issues_20" propertyKey="tableheader.issue.custom_ap_creator_status.short.DBI" tooltip="tableheader.issue.custom_ap_creator_status.DBI" width="3%"/>
            <listHeader column="LC_Issues_18" propertyKey="tableheader.issue.custom_is_creator_status.short.DBI" tooltip="tableheader.issue.custom_is_creator_status.DBI" width="3%"/>
            <listHeader column="LC_Issues_19" propertyKey="tableheader.issue.custom_is_owner_status.short.DBI" tooltip="tableheader.issue.custom_is_owner_status.DBI" width="3%"/>
            <listHeader column="LC_Issues_15" propertyKey="tableheader.issue.custom_ap_owner_status.short.DBI" tooltip="tableheader.issue.custom_ap_owner_status.DBI" width="3%"/>
            <listHeader column="LC_Issues_16" propertyKey="tableheader.issue.custom_ap_reviewer_status.short.DBI" tooltip="tableheader.issue.custom_ap_reviewer_status.DBI" width="3%"/>
            <listHeader column="LC_Issues_17" propertyKey="tableheader.issue.custom_is_reviewer_status.short.DBI" tooltip="tableheader.issue.custom_is_owner_status.DBI" width="3%"/>            
            <listHeader column="LC_Issues_8" propertyKey="tableheader.issue.stateTime.short.DBI" tooltip="tableheader.issue.stateTime.DBI" width="6%"/>
            <listHeader column="LC_Issues_9" propertyKey="tableheader.description" width="9%"/>
            <listHeader column="LC_Issues_10" propertyKey="tableheader.issue.remediationMeasure.DBI" width="10%"/>
            <listHeader column="LC_Issues_13" propertyKey="tableheader.issue.recurrent.DBI" width="7%"/>
            <listHeader column="LC_Issues_14" propertyKey="tableheader.issue.replanned.DBI" width="7%"/>
        </listHeaderRow>
        <column id="LC_Issues_1" dataReference.idref="IssueID" template="openObject">
            <parameter name="idColumn" value="IssueID"/>
        </column>
        <column id="LC_Issues_12" dataReference.idref="action_type" >
            <parameter name="idColumn" value="action_type"/>
        </column>
        <column id="LC_Issues_2" dataReference.idref="name"/>
        <column id="LC_Issues_3" align="center" dataReference.idref="priority">
            <parameter name="showText" value="false"/>
        </column>
        <column id="LC_Issues_4" dataReference.idref="creator_name" template="object">
            <parameter name="deactivatedColumn" value="creator_deactivated"/>
        </column> 
        <column id="LC_Issues_5" align="center" dataReference.idref="plannedenddate"/>
        <!-- <column id="LC_Issues_11" align="center" dataReference.idref="creator_status"> -->
        <column id="LC_Issues_20" align="center" dataReference.idref="custom_ap_creator_status">
            <parameter name="showText" value="false"/>
        </column>
        <!-- <column id="LC_Issues_6" align="center" dataReference.idref="owner_status"> -->
        <column id="LC_Issues_18" align="center" dataReference.idref="custom_is_creator_status">
            <parameter name="showText" value="false"/>
        </column>
        <!-- <column id="LC_Issues_7" align="center" dataReference.idref="reviewer_status"> -->  
        <column id="LC_Issues_19" align="center" dataReference.idref="custom_is_owner_status">
            <parameter name="showText" value="false"/>
        </column>      
         <column id="LC_Issues_15" align="center" dataReference.idref="custom_ap_owner_status">
            <parameter name="showText" value="false"/>
        </column>        
        <column id="LC_Issues_16" align="center" dataReference.idref="custom_ap_reviewer_status">
            <parameter name="showText" value="false"/>
        </column>        
           <column id="LC_Issues_17" align="center" dataReference.idref="custom_is_reviewer_status">
            <parameter name="showText" value="false"/>
        </column>        
        <column id="LC_Issues_8" align="center" dataReference.idref="stateTime">
            <parameter name="showText" value="false"/>
        </column>
        <column id="LC_Issues_9" dataReference.idref="description"/>
        <column id="LC_Issues_10" dataReference.idref="remediationMeasure"/>
        <column id="LC_Issues_13" dataReference.idref="recurrent"/>
        <column id="LC_Issues_14" dataReference.idref="replanned"/>
        <listButtons>
            <buttonReference button.idref="LIST_CREATE"/>
            <buttonReference button.idref="LIST_OPEN"/>
            <buttonReference button.idref="LIST_DELETE"/>
            <buttonReference button.idref="PDF_REPORT"/>
            <buttonReference button.idref="EXCEL_REPORT"/>
        </listButtons>
        <rowButtons>
            <buttonReference button.idref="RELATION_POPUP"/>
            <buttonReference button.idref="LISTROW_DELETE"/>
        </rowButtons>
    </list>
		
	</custom>
