<?xml version="1.0" encoding="UTF-8"?>
<custom xmlns:xsi="http://www.w3.org/2001/XMLSchema-instance" xsi:noNamespaceSchemaLocation="../xsd/custom.xsd">

    <view id="controldata4" view.parameter="DISTINCT" relevantForMashzoneIntegration="true" viewHandler="com.idsscheer.webapps.arcm.dl.framework.viewhandler.CustomControlData4ViewHandler">
        <viewObject id="VO_risk2control_risk" objectType="RISK" isMainViewObject="true">
            <viewColumn id="risk_obj_id" attributeType="obj_id" isSortable="true" isSelectColumn="true"/> 
            <viewColumn id="risk_version_number" attributeType="version_number" isSelectColumn="true" />
            <viewColumn id="risk_id" attributeType="risk_id" isSelectColumn="true" />
            <viewColumn id="risk_change_date" attributeType="change_date" isSelectColumn="true" />
<!--             <viewColumn id="risk_name" attributeType="name" isSortable="true" isSelectColumn="true"/> -->
<!--             <viewColumn id="risk_description" attributeType="description" isSortable="true" isSelectColumn="true"/> -->
<!--             <viewColumn id="risk_version_active" attributeType="version_active"/> -->
<!--             <viewColumn id="risk_deactivated" attributeType="deactivated" isSortable="true" isSelectColumn="true"/> -->
        </viewObject>
        <viewObject id="VO_risk2control_control" objectType="CONTROL" >
            <viewColumn id="control_obj_id" attributeType="obj_id"/>
            <viewColumn id="control_version_number" attributeType="version_number" isSelectColumn="true" />
            <viewColumn id="control_id" attributeType="control_id" isSelectColumn="true" />
            <viewColumn id="control_change_date" attributeType="change_date" isSelectColumn="true"/>
<!--             <viewColumn id="control_id" attributeType="control_id" isSelectColumn="true"/> -->
<!--             <viewColumn id="control_deactivated" attributeType="deactivated" isSortable="true" isSelectColumn="true"/> -->
        </viewObject>
        <link linktype.id="4" firstViewObject="VO_risk2control_risk" secondViewObject="VO_risk2control_control" attendVersionizing="false"/>
        <conditions>
<!--             <compoundCondition conditionConnect="AND"> -->
<!--                 <condition column.id="risk_version_active" compareType="EQ" value="true"/> -->
                <!-- Inicio GAP - GRC14 -->
<!--                 <condition column.id="control_obj_id" compareType="EQ" currentObjectType.id="CONTROL" currentAttributeType.id="obj_id"/> -->
<!--                 <condition column.id="control_id" compareType="EQ" currentObjectType.id="CONTROL" currentAttributeType.id="control_id"/> -->
                <!-- Fim GAP - GRC14 -->
<!--                 <condition column.id="risk_deactivated" compareType="EQ"/> -->
<!--                 <condition column.id="control_deactivated" compareType="EQ"/> -->
<!--             </compoundCondition> -->
        </conditions>
    </view>  

</custom>