<?xml version="1.0" encoding="UTF-8"?>
<custom xmlns:xsi="http://www.w3.org/2001/XMLSchema-instance" xsi:noNamespaceSchemaLocation="../xsd/custom.xsd">
    
<!--    <view id="customcontrol2controlexecution" view.parameter="DISTINCT" viewHandler="com.idsscheer.webapps.arcm.dl.framework.viewhandler.CustomRisk2ControlExecution"> -->
   <view id="customcontrol2controlexecution" view.parameter="DISTINCT" viewHandler="com.idsscheer.webapps.arcm.dl.framework.viewhandler.CustomControl2ControlExecution">
        <viewObject id="VO_cet_obj" objectType="CONTROLEXECUTION" isMainViewObject="true">
            <viewColumn id="client_sign" attributeType="client_sign" isSelectColumn="true"/>
            <viewColumn id="obj_id" attributeType="obj_id" isSelectColumn="true"/>
            <viewColumn id="id" attributeType="id" isSortable="true"/>
            <viewColumn id="version_active" attributeType="version_active"/>
            <viewColumn id="owner_group" attributeType="owner_group" isSortable="true" isSelectColumn="true"/>
            <viewColumn id="owner_status" attributeType="owner_status" isSortable="true" isSelectColumn="true"/>
            <viewColumn id="owner" attributeType="owner" isSortable="true"/>
            <viewColumn id="due_status" attributeType="due_status" isSortable="true" isSelectColumn="true"/>
            <viewColumn id="anomaly_rate" attributeType="anomaly_rate" isSelectColumn="true"/>
            <viewColumn id="completion_rate" attributeType="completion_rate" isSelectColumn="true"/>
            <viewColumn id="activities" attributeType="activities" isSelectColumn="true"/>
            <viewColumn id="selectivity" attributeType="selectivity"/>
            <viewColumn id="result_format" attributeType="result_format"/>
            <viewColumn id="deactivated" attributeType="deactivated"/>
            <viewColumn id="plannedstartdate" attributeType="plannedstartdate" isSelectColumn="true"/>
            <viewColumn id="plannedenddate" attributeType="plannedenddate" isSelectColumn="true"/>
            <viewColumn id="execution_date" attributeType="execution_date" isSortable="true" isSelectColumn="true"/>
            <!-- cloned date attributes to support date-range filter -->
            <viewColumn id="plannedstartdate_clone" attributeType="plannedstartdate"/>
            <viewColumn id="plannedenddate_clone" attributeType="plannedenddate"/>
            <viewColumn id="execution_date_clone" attributeType="execution_date"/>
        </viewObject>
<!--         <viewObject id="VO_cet_control" objectType="CONTROL"> -->
<!--             <viewColumn id="control_objId" attributeType="obj_id"/> -->
<!--             <viewColumn id="control_name" attributeType="name" isSelectColumn="true"/> -->
<!--             <viewColumn id="control_ctrl_id" attributeType="control_id" isSelectColumn="true"/> -->
<!--         </viewObject> -->
<!--         <viewObject id="VO_cet_risk" objectType="RISK"> -->
<!--             <viewColumn id="risk_id" attributeType="obj_id"/> -->
<!--         </viewObject> -->
<!--         <viewObject id="VO_cet_task" objectType="CONTROLEXECUTIONTASK"> -->
<!--             <viewColumn id="ce_task_objId" attributeType="obj_id"/> -->
<!--             <viewColumn id="ce_task_name" attributeType="name" isSelectColumn="true"/> -->
<!--         </viewObject> -->
        <viewObject id="VO_cet_usergroup" objectType="USERGROUP">
            <viewColumn id="ownergroup_name" attributeType="name" isSortable="true" isSelectColumn="true"/>
            <viewColumn id="ownergroup_version_active" attributeType="version_active"/>
        </viewObject>
        <viewObject id="VO_cet_owner" objectType="USER">
            <viewColumn id="owner_name" attributeType="name"/>
            <viewColumn id="owner_deactivated" attributeType="deactivated"/>
        </viewObject>
<!--         <link linktype.id="6064" firstViewObject="VO_cet_control" secondViewObject="VO_cet_obj"/> -->
        <link linktype.id="6056" firstViewObject="VO_cet_obj" secondViewObject="VO_cet_usergroup"/>
<!--         <link linktype.id="6055" firstViewObject="VO_cet_obj" secondViewObject="VO_cet_task"/> -->
        <link linktype.id="6057" firstViewObject="VO_cet_obj" secondViewObject="VO_cet_owner" joinType="LEFT"/>
<!--         <link linktype.id="4" firstViewObject="VO_cet_risk" secondViewObject="VO_cet_control"/> -->
        <conditions>
            <!-- arbitrary attributes -->
            <compoundCondition conditionConnect="AND">
            		<condition column.id="obj_id" compareType="EQ"/>
                <!-- fix condition -->
<!--                 <condition column.id="control_objId" compareType="EQ" currentObjectType.id="CONTROL" currentAttributeType.id="obj_id"/> -->
                <!-- main object attributes -->
<!--                 <condition column.id="client_sign" compareType="LIKE"/> -->
<!--                 <condition column.id="id" compareType="EQ"/> -->
<!--                 <condition column.id="owner_status" compareType="EQ"/> -->
<!--                 <condition column.id="owner" compareType="LIKE"/> -->
<!--                 <condition column.id="due_status" compareType="EQ"/> -->
                <condition column.id="version_active" compareType="EQ" value="true"/>
<!--                 <condition column.id="activities" compareType="LIKE"/> -->
<!--                 <condition column.id="selectivity" compareType="LIKE"/> -->
<!--                 <condition column.id="result_format" compareType="LIKE"/> -->
<!--                 <condition column.id="deactivated" compareType="EQ"/> -->
<!--                 <condition column.id="execution_date" compareType="EQ"/> -->
<!--                 <condition column.id="control_ctrl_id" compareType="EQ"/> -->
                <!-- date range -->
<!--                 <condition column.id="plannedstartdate" compareType="GE"/> -->
<!--                 <condition column.id="plannedenddate" compareType="LE"/> -->
                <!-- attributes of the other objects -->
<!--                 <condition column.id="control_name" compareType="LIKE"/> -->
<!--                 <condition column.id="ce_task_name" compareType="LIKE"/> -->
                <condition column.id="ownergroup_name" compareType="LIKE"/>
                <condition column.id="ownergroup_version_active" compareType="EQ" value="true"/>
                <condition column.id="owner_name" compareType="LIKE"/>
                <!-- "owner" might not be set yet -->
<!--                 <compoundCondition conditionConnect="OR"> -->
<!--                     <condition column.id="owner_deactivated" compareType="EQ" value="false"/> -->
<!--                     <condition column.id="owner_deactivated" compareType="ISNULL"/> -->
<!--                 </compoundCondition> -->
            </compoundCondition>
        </conditions>
    </view>

</custom>