<?xml version="1.0" encoding="UTF-8"?>

<custom xmlns:xsi="http://www.w3.org/2001/XMLSchema-instance" xsi:noNamespaceSchemaLocation="../xsd/custom.xsd">

	<rulesconfig>

	    <imp_object type="CLIENT" />
	
	    <!-- see UserValidator for additional checks -->
	    <imp_object type="USER" />
	
	    <!-- see UserGroupValidator for additional checks -->
	    <imp_object type="USERGROUP">
	        <imp_ignore name="client_sign" />
	    </imp_object>
	
	    <!-- see HierarchyValidator for additional checks -->
	    <imp_object type="HIERARCHY">
	        <imp_condition type="or">
	            <imp_condition type="value" attrname="type" attrvalue="@enum=1"/> <!-- tester -->
	            <imp_condition type="value" attrname="type" attrvalue="@enum=2"/> <!-- financialaccount -->
	            <imp_condition type="value" attrname="type" attrvalue="@enum=3"/> <!-- orgunit -->
	            <imp_condition type="value" attrname="type" attrvalue="@enum=4"/> <!-- process -->
	            <imp_mandatory>
	                <imp_attr name="signoff"/>
	            </imp_mandatory>
	        </imp_condition>
	
	        <imp_condition type="value" attrname="reviewRelevant" attrvalue="true">
	            <imp_mandatory>
	                <imp_attr name="activities" />
	                <imp_attr name="frequency" />
	                <imp_attr name="event_driven_allowed" />
	                <imp_attr name="duration" />
	                <imp_attr name="startdate" />
	                <imp_link name="LT_3113" /> <!-- hierarchy owner group -->
	            </imp_mandatory>
	        </imp_condition>
	    </imp_object>
	
	    <imp_object type="DOCUMENT">
	        <!-- there are no form rules, mandatory attributes must be defined here -->
	        <imp_condition type="and">
	            <imp_mandatory>
	                <imp_attr name="type" />
	                <imp_attr name="link" />
	                <imp_attr name="name" />
	            </imp_mandatory>
	        </imp_condition>
	    </imp_object>
	
	    <!-- see RiskValidator for additional checks -->
	    <imp_object type="RISK" extendedValidation="true">
	        <imp_ignore name="risk_management_relevant" />
	        <imp_ignore name="ra_result" />
	        <imp_ignore name="ra_control1line" />
	        <imp_ignore name="ra_control2line" />
	        <imp_ignore name="ra_control3line" />
	        <imp_ignore name="ra_controlfinal" />
	        <imp_condition type="value" attrname="risk_management_relevant" attrvalue="true">
	            <imp_mandatory>
<!-- 	                <imp_attr name="assessment_activities" /> -->
	                <imp_attr name="frequency" />
	                <imp_attr name="event_driven_allowed" />
<!-- 	                <imp_attr name="startdate" /> -->
	                <imp_attr name="duration" />
	                <imp_link name="LT_3160" />
	                <imp_link name="LT_3161" />
	            </imp_mandatory>
	        </imp_condition>
	
	        <imp_condition type="value" attrname="risktype" attrvalue="@enum=1">
	            <imp_mandatory>
	                <imp_attr name="assertions" />
	                <imp_attr name="impact" />
	                <imp_attr name="probability" />
	                <imp_link name="LT_48"/>
	            </imp_mandatory>
	        </imp_condition>
	    </imp_object>
	
	    <imp_object type="CONTROL">
	    	<imp_ignore name="control_frequency" />
	    	<imp_ignore name="control_execution" />
	    </imp_object>
	   
	
	    <imp_object type="CONTROLEXECUTIONTASK" />
	
	    <!-- see TestdefinitionValidator for additional checks -->
	    <imp_object type="TESTDEFINITION" />
	
	    <imp_object type="RISKASSESSMENT" >
	        <imp_condition type="priority">
	            <imp_condition type="and">
	                <imp_condition type="value" attrname="assessment_state" attrvalue="3"/> <!-- assessed -->
	                <imp_condition type="or"> <!-- either 'loss_qual' or 'frequ_loss_qual' is filled -->
	                    <imp_condition type="value" attrname="loss_qual" attrvalue="*"/>
	                    <imp_condition type="value" attrname="frequ_loss_qual" attrvalue="*"/>
	                </imp_condition>
	                <imp_mandatory>
	                    <imp_attr name="loss_qual"/>
	                    <imp_attr name="frequ_loss_qual"/>
	                </imp_mandatory>
	            </imp_condition>
	            <imp_condition type="value" attrname="assessment_state" attrvalue="3">
	                <imp_mandatory>
	                    <imp_attr name="avg_loss"/>
	                    <imp_attr name="frequ_avg_loss"/>
	                </imp_mandatory>
	            </imp_condition>
	        </imp_condition>
	
	        <imp_condition type="value" attrname="assessment_state" attrvalue="3"> <!-- assessed -->
	            <imp_mandatory>
	                <imp_attr name="type"/>
	            </imp_mandatory>
	        </imp_condition>
	
	        <imp_condition type="value" attrname="assessment_state" attrvalue="4"> <!-- assessment_not_possible -->
	            <imp_mandatory>
	                <imp_attr name="remark"/>
	            </imp_mandatory>
	        </imp_condition>
	
	    </imp_object>
	
	    <imp_object type="QUESTIONNAIRE_TEMPLATE" extendedValidation="true"/>
	
	    <imp_object type="SECTION" extendedValidation="true">
	        <imp_condition type="and">
	            <imp_mandatory>
	                <imp_attr name="root_guid" />
	            </imp_mandatory>
	        </imp_condition>
	    </imp_object>
	
	    <!-- see QuestionValidator for additional checks -->
	    <imp_object type="QUESTION" extendedValidation="true">
	        <imp_condition type="value" attrname="isWorkingCopy" attrvalue="0">
	            <imp_mandatory>
	                <imp_attr name="question_text"/>
	                <imp_attr name="type"/>
	            </imp_mandatory>
	        </imp_condition>
	    </imp_object>
	
	    <imp_object type="OPTIONSET"/>
	
	    <imp_object type="OPTION">
	        <imp_condition type="value" attrname="isWorkingCopy" attrvalue="0">
	            <imp_mandatory>
	                <imp_attr name="name" />
	                <imp_attr name="optionValue" />
	            </imp_mandatory>
	        </imp_condition>
	    </imp_object>
	
	    <imp_object type="SURVEYTASK" />
	
	    <!-- see AuditTemplateValidator for additional checks -->
	    <imp_object type="AUDITTEMPLATE" />
	
	    <!-- see AuditTemplateValidator for additional checks -->
	    <imp_object type="AUDITSTEPTEMPLATE" >
	        <imp_condition type="and">
	            <imp_mandatory>
	                <imp_attr name="root_guid" />
	            </imp_mandatory>
	        </imp_condition>
	    </imp_object>
	
	    <!-- see PolicydefinitionValidator for additional checks -->
	    <imp_object type="POLICYDEFINITION">
	        <!-- confirmation_text, addressee_group and duration only mandatory depending on policy_type ; see validator-->
	        <imp_ignore name="confirmation_text" />
	        <imp_ignore name="addressee_group" />
	        <imp_ignore name="duration" />
	    </imp_object>

	</rulesconfig>

</custom>
