<?xml version="1.0" encoding="UTF-8"?>
<custom xmlns:xsi="http://www.w3.org/2001/XMLSchema-instance" xsi:noNamespaceSchemaLocation="../xsd/custom.xsd">
	<roles>
	
		<roleHierarchies>
			<roleHierarchy role.idref="sysadmin">
				<assignRole role.idref="sysadmin"               level="X"/>
				<assignRole role.idref="clientadmin"            level="C"/>
	            <assignRole role.idref="hierarchymanager"       level="XC"/>
	            <assignRole role.idref="hierarchyowner"         level="O"/>
	            <assignRole role.idref="hierarchyauditor"       level="XC"/>
	            <assignRole role.idref="testauditor"            level="XCO"/>
	            <assignRole role.idref="testauditorexternal"    level="XC"/>
	            <assignRole role.idref="testmanager"            level="XCO"/>
	            <assignRole role.idref="tester"                 level="O"/>
	            <assignRole role.idref="testreviewer"           level="CO"/>
	            <assignRole role.idref="riskmanager"            level="XCO"/>
	            <assignRole role.idref="riskowner"              level="O" />
	            <assignRole role.idref="riskreviewer"           level="O"/>
	            <assignRole role.idref="riskauditor"            level="XC"/>
	            <assignRole role.idref="controlmanager"         level="XCO"/>
	            <assignRole role.idref="controlexecutionowner"  level="CO"/>
	            <assignRole role.idref="groupusermanager"       level="XC"/>
	            <assignRole role.idref="deficiencymanager_l1"   level="XC"/>
	            <assignRole role.idref="deficiencymanager_l2"   level="XC"/>
	            <assignRole role.idref="deficiencymanager_l3"   level="XC"/>
	            <assignRole role.idref="deficiencyauditor_l1"   level="XC"/>
	            <assignRole role.idref="deficiencyauditor_l2"   level="XC"/>
	            <assignRole role.idref="deficiencyauditor_l3"   level="XC"/>
	            <assignRole role.idref="surveymanager"          level="XC"/>
	            <assignRole role.idref="questionnaireowner"     level="O"/>
	            <assignRole role.idref="surveyreviewer"         level="O"/>
	            <assignRole role.idref="surveyauditor"          level="XC"/>
	            <assignRole role.idref="signoffmanager"         level="C"/>
	            <assignRole role.idref="signoffowner"           level="O"/>
	            <assignRole role.idref="signoffreviewer"        level="O"/>
	            <assignRole role.idref="issuemanager"           level="XC"/>
	            <assignRole role.idref="issueauditor"           level="XC"/>
	            <assignRole role.idref="incidentmanager"        level="XC"/>
	            <assignRole role.idref="incidentowner"          level="O"/>
	            <assignRole role.idref="incidentreviewer"       level="O"/>
	            <assignRole role.idref="incidentauditor"        level="XC"/>
	            <assignRole role.idref="lossmanager"            level="XC"/>
	            <assignRole role.idref="lossowner"              level="O"/>
	            <assignRole role.idref="lossreviewer"           level="O"/>
	            <assignRole role.idref="lossauditor"            level="XC"/>
	            <assignRole role.idref="auditowner"             level="O"/>
	            <assignRole role.idref="auditreviewer"          level="O"/>
	            <assignRole role.idref="auditstepowner"         level="O"/>
	            <assignRole role.idref="auditauditor"           level="XCO"/>
	            <assignRole role.idref="auditmanager"           level="XC"/>
	            <assignRole role.idref="policymanager"          level="XC"/>
	            <assignRole role.idref="policyowner"            level="O"/>
	            <assignRole role.idref="policyapprover"         level="O"/>
	            <assignRole role.idref="policyaddressee"        level="O"/>
	            <assignRole role.idref="policyauditor"          level="XCO"/>
	            <assignRole role.idref="subscriptionmanager"    level="C"/>
	        </roleHierarchy>
	        <roleHierarchy role.idref="clientadmin">
	            <assignRole role.idref="clientadmin"            level="C"/>
	            <assignRole role.idref="hierarchymanager"       level="C"/>
	            <assignRole role.idref="hierarchyowner"         level="O"/>
	            <assignRole role.idref="hierarchyauditor"       level="C"/>
	            <assignRole role.idref="testmanager"            level="CO"/>
	            <assignRole role.idref="testauditor"            level="CO"/>
	            <assignRole role.idref="testauditorexternal"    level="C"/>
	            <assignRole role.idref="tester"                 level="O"/>
	            <assignRole role.idref="testreviewer"           level="CO"/>
	            <assignRole role.idref="riskmanager"            level="O"/>
	            <assignRole role.idref="riskowner"              level="O" />
	            <assignRole role.idref="riskreviewer"           level="O" />
	            <assignRole role.idref="riskauditor"            level="C"/>
	            <assignRole role.idref="controlmanager"         level="CO"/>
	            <assignRole role.idref="controlexecutionowner"  level="CO"/>
	            <assignRole role.idref="groupusermanager"       level="C"/>
	            <assignRole role.idref="deficiencymanager_l1"   level="C"/>
	            <assignRole role.idref="deficiencymanager_l2"   level="C"/>
	            <assignRole role.idref="deficiencymanager_l3"   level="C"/>
	            <assignRole role.idref="deficiencyauditor_l1"   level="C"/>
	            <assignRole role.idref="deficiencyauditor_l2"   level="C"/>
	            <assignRole role.idref="deficiencyauditor_l3"   level="C"/>
	            <assignRole role.idref="surveymanager"          level="C"/>
	            <assignRole role.idref="questionnaireowner"     level="O"/>
	            <assignRole role.idref="surveyreviewer"         level="O"/>
	            <assignRole role.idref="surveyauditor"          level="C"/>
	            <assignRole role.idref="signoffmanager"         level="C"/>
	            <assignRole role.idref="signoffowner"           level="O"/>
	            <assignRole role.idref="signoffreviewer"        level="O"/>
				<assignRole role.idref="issuemanager"           level="C"/>
				<assignRole role.idref="issueauditor"           level="C"/>
				<assignRole role.idref="incidentmanager"        level="C"/>
				<assignRole role.idref="incidentowner"          level="O"/>
				<assignRole role.idref="incidentreviewer"       level="O"/>
				<assignRole role.idref="incidentauditor"        level="C"/>
				<assignRole role.idref="lossmanager"            level="C"/>
				<assignRole role.idref="lossowner"              level="O"/>
				<assignRole role.idref="lossreviewer"           level="O"/>
				<assignRole role.idref="lossauditor"            level="C"/>
	            <assignRole role.idref="auditowner"             level="O"/>
				<assignRole role.idref="auditreviewer"          level="O"/>
				<assignRole role.idref="auditstepowner"         level="O"/>
				<assignRole role.idref="auditauditor"           level="CO"/>
				<assignRole role.idref="auditmanager"           level="C"/>
	            <assignRole role.idref="policymanager"          level="C"/>
	            <assignRole role.idref="policyowner"            level="O"/>
	            <assignRole role.idref="policyapprover"         level="O"/>
	            <assignRole role.idref="policyaddressee"        level="O"/>
	            <assignRole role.idref="policyauditor"          level="CO"/>
	            <assignRole role.idref="subscriptionmanager"    level="C"/>
			</roleHierarchy>
			<roleHierarchy role.idref="groupusermanager">
				<assignRole role.idref="clientadmin"            level="C"/>
				<assignRole role.idref="hierarchymanager"       level="XC"/>
	            <assignRole role.idref="hierarchyauditor"       level="XC"/>
	            <assignRole role.idref="hierarchyowner"         level="O"/>
	            <assignRole role.idref="testauditor"            level="XCO"/>
	            <assignRole role.idref="testmanager"            level="XCO"/>
	            <assignRole role.idref="tester"                 level="O"/>
	            <assignRole role.idref="testreviewer"           level="O"/>
	            <assignRole role.idref="riskmanager"            level="XCO"/>
	            <assignRole role.idref="riskowner"              level="O"/>
	            <assignRole role.idref="riskreviewer"           level="O"/>
	            <assignRole role.idref="riskauditor"            level="XC"/>
	            <assignRole role.idref="controlmanager"         level="XCO"/>
	            <assignRole role.idref="controlexecutionowner"  level="O"/>
	            <assignRole role.idref="groupusermanager"       level="XC"/>
				<assignRole role.idref="deficiencymanager_l1"   level="XC"/>
				<assignRole role.idref="deficiencymanager_l2"   level="XC"/>
				<assignRole role.idref="deficiencyauditor_l1"   level="XC"/>
				<assignRole role.idref="deficiencyauditor_l2"   level="XC"/>
				<assignRole role.idref="deficiencyauditor_l3"   level="XC"/>
				<assignRole role.idref="surveymanager"          level="XC"/>
				<assignRole role.idref="questionnaireowner"     level="O"/>
				<assignRole role.idref="surveyreviewer"         level="O"/>
	            <assignRole role.idref="surveyauditor"          level="XC"/>
				<assignRole role.idref="signoffmanager"         level="C"/>
				<assignRole role.idref="signoffowner"           level="O"/>
				<assignRole role.idref="signoffreviewer"        level="O"/>
				<assignRole role.idref="incidentmanager"        level="XC"/>
				<assignRole role.idref="incidentowner"          level="O"/>
				<assignRole role.idref="incidentreviewer"       level="O"/>
				<assignRole role.idref="incidentauditor"        level="XC"/>
				<assignRole role.idref="lossmanager"            level="XC"/>
				<assignRole role.idref="lossowner"              level="O"/>
				<assignRole role.idref="lossreviewer"           level="O"/>
				<assignRole role.idref="lossauditor"            level="XC"/>
	            <assignRole role.idref="auditowner"             level="O"/>
				<assignRole role.idref="auditreviewer"          level="O"/>
				<assignRole role.idref="auditstepowner"         level="O"/>
				<assignRole role.idref="auditauditor"           level="XCO"/>
				<assignRole role.idref="auditmanager"           level="XC"/>
	            <assignRole role.idref="policymanager"          level="XC"/>
	            <assignRole role.idref="policyowner"            level="O"/>
	            <assignRole role.idref="policyapprover"         level="O"/>
	            <assignRole role.idref="policyaddressee"        level="O"/>
	            <assignRole role.idref="policyauditor"          level="XCO"/>
	            <assignRole role.idref="subscriptionmanager"    level="C"/>
			</roleHierarchy>
		</roleHierarchies>	
	
	</roles>
</custom>