﻿<?xml version="1.0" encoding="UTF-8"?>
<custom xmlns:xsi="http://www.w3.org/2001/XMLSchema-instance" xsi:noNamespaceSchemaLocation="../xsd/custom.xsd">
       <view id="risk2controlteste" view.parameter="DISTINCT" relevantForMashzoneIntegration="true">
        <viewObject id="VO_risk2control_risk" objectType="RISK" isMainViewObject="true" >
           <viewColumn id="risk_id" attributeType="obj_id" isSelectColumn="true"/>
           <viewColumn id="risk_version_number" attributeType="version_number" isSelectColumn="true"/>
           <viewColumn id="risk_version_active" attributeType="version_active" isSelectColumn="true"/>
           <viewColumn id="risk_deactivated" attributeType="deactivated" isSelectColumn="true"/>
           <viewColumn id="risk_change_date" attributeType="change_date" isSelectColumn="true"/>
           <viewColumn id="risk_controls" attributeType="controls"/>
        </viewObject>
<!--         <viewObject id="VO_risk2control_control" objectType="CONTROL"> -->
<!--             <viewColumn id="control_obj_id" attributeType="obj_id" isSelectColumn="true"/> -->
<!--         </viewObject> -->
<!--         <link linktype.id="4" firstViewObject="VO_risk2control_risk" secondViewObject="VO_risk2control_control" attendVersionizing="false"/> -->
        <conditions>
            <compoundCondition conditionConnect="AND">
                <condition column.id="risk_id" compareType="EQ" value="14850"/>
            </compoundCondition>
        </conditions>
    </view>
    
    <view id="controldata4" view.parameter="DISTINCT" relevantForMashzoneIntegration="true">
        <viewObject id="VO_controldata_control" objectType="CONTROL" isMainViewObject="true">
            <viewColumn id="c_client" attributeType="client_sign" isSortable="true" isSelectColumn="true"/>
            <viewColumn id="c_id" attributeType="obj_id" isSortable="true" isSelectColumn="true"/>
            <viewColumn id="c_ctrl_id" attributeType="control_id" isSortable="true" isSelectColumn="true"/>
            <viewColumn id="c_name" attributeType="name" isSortable="true" isSelectColumn="true"/>
            <viewColumn id="c_ctrl_frq" attributeType="control_frequency" isSortable="true" isSelectColumn="true"/>
            <viewColumn id="c_exec" attributeType="control_execution"/>
            <viewColumn id="c_effect" attributeType="control_effect" isSortable="true" isSelectColumn="true"/>
            <viewColumn id="c_deactivated" attributeType="deactivated" isSelectColumn="true"/>
            
            <!-- Customizing for Mashzone -->
            <viewColumn id="c_custom_status_control" attributeType="custom_status_control" mashzoneRelevant="true" isSelectColumn="true"/>
	    	<viewColumn id="c_version_number" attributeType="version_number" mashzoneRelevant="true" isSelectColumn="true"/>            
	    	<viewColumn id="c_change_date" attributeType="change_date" mashzoneRelevant="true" isSelectColumn="true"/>            
            <viewColumn id="c_control_type" attributeType="control_type" mashzoneRelevant="true" isSelectColumn="true"/>
            <viewColumn id="c_control_execution" attributeType="control_execution" mashzoneRelevant="true" isSelectColumn="true"/>
            
            <!-- EV132664 - Relatório Risco Corporativo -->
            <viewColumn id="c_control_objective" attributeType="control_objective" mashzoneRelevant="true" isSelectColumn="true"/>
            <!-- Customizing for Mashzone -->

        </viewObject>
        <viewObject id="VO_controldata_risk" objectType="RISK">
            <viewColumn id="r_id" attributeType="obj_id" isSortable="true" isSelectColumn="true"/>
        </viewObject>
        <link linktype.id="4" firstViewObject="VO_controldata_control" secondViewObject="VO_controldata_risk" joinType="LEFT"/>
    </view>
</custom>
