<?xml version="1.0" encoding="UTF-8"?>
<custom xmlns:xsi="http://www.w3.org/2001/XMLSchema-instance" xsi:noNamespaceSchemaLocation="../xsd/custom.xsd">
    
    <objectType id="RISK" xmlexport="true" extends="RECURRING"
                displayAttribute="name" descriptionAttributes="description" licensedComponentIds="tm,rm,il,in"
                mashzoneId="40" arisImportRole="riskmanager" image="iconlib/icons/content/risk_16.png">
        
        <enumAttrType id="risktype" enumeration="risktype"/>
        <stringAttrType id="risk_id" maxCharCount="80">
            <validate name="maxlength" arg0="80"/>
        </stringAttrType>
        <textAttrType id="description" isMassEditable="true"/>
        <listAttrType id="process" maxSize="1" objectType.idref="HIERARCHY" linkType="47">
            <listRestriction>
                <attributeRestriction attribute="type" value="process"/>
            </listRestriction>
        </listAttrType>
        <listAttrType id="finaccount" objectType.idref="HIERARCHY" linkType="48">
            <listRestriction>
                <attributeRestriction attribute="type" value="financialaccount"/>
            </listRestriction>
        </listAttrType>
        <enumAttrType id="impact" enumeration="impact" defaultValue="0"/>
        <enumAttrType id="probability" enumeration="probability" defaultValue="0"/>
        <stringAttrType id="risk_catalog1" maxCharCount="200" isMassEditable="true">
            <validate name="maxlength" arg0="200"/>
        </stringAttrType>
        <stringAttrType id="risk_catalog2" maxCharCount="200" isMassEditable="true">
            <validate name="maxlength" arg0="200"/>
        </stringAttrType>
        <listAttrType id="documents" objectType.idref="DOCUMENT" linkType="5"/>
        <listAttrType id="controls" objectType.idref="CONTROL" linkType="4"/>
        <listAttrType id="manager_group" maxSize="1" objectType.idref="USERGROUP" linkType="52" >
            <listRestriction>
                <attributeRestriction attribute="role" value="riskmanager"/>
                <attributeRestriction attribute="rolelevel" value="object"/>
            </listRestriction>
        </listAttrType>
        <enumAttrType id="assertions" enumeration="assertion"/>
        <!-- op Risk attributes-->
        <booleanAttrType id="risk_management_relevant" defaultValue="true"/>
        <textAttrType id="assessment_activities"/>
        <enumAttrType id="frequency" enumeration="frequency_including_none" defaultValue="7"/>
        <booleanAttrType id="event_driven_allowed" defaultValue="true"/>
        <listAttrType id="owner_group" maxSize="1" objectType.idref="USERGROUP" linkType="3160">
            <listRestriction>
                <attributeRestriction attribute="role" value="riskowner"/>
                <attributeRestriction attribute="rolelevel" value="object"/>
            </listRestriction>
        </listAttrType>
        <listAttrType id="reviewer_group" maxSize="1" objectType.idref="USERGROUP" linkType="3161">
            <listRestriction>
                <attributeRestriction attribute="role" value="riskreviewer"/>
                <attributeRestriction attribute="rolelevel" value="object"/>
            </listRestriction>
        </listAttrType>
        <listAttrType id="risk_category" objectType.idref="HIERARCHY" linkType="3162">
            <listRestriction>
                <!-- Inicio REO 23.08.2017 - Risco Corporativo -->
<!--                 <attributeRestriction attribute="type" value="category"/> -->
                <attributeRestriction attribute="rc_csttype" value="corprisk"/>
                <!-- Fim REO 23.08.2017 - Risco Corporativo -->
            </listRestriction>
        </listAttrType>
        <listAttrType id="orgunit" objectType.idref="HIERARCHY" linkType="3163">
            <listRestriction>
                <attributeRestriction attribute="type" value="orgunit"/>
            </listRestriction>
        </listAttrType>
        <listAttrType id="appsystem" objectType.idref="HIERARCHY" linkType="3164">
            <listRestriction>
                <attributeRestriction attribute="type" value="applicationsystemtype"/>
            </listRestriction>
        </listAttrType>
        <enumAttrType id="currency" enumeration="currency" defaultValue="0"/>
        <!-- Threshold values of op risk management -->
        <doubleAttrType id="th_exp_avg_loss">
            <validate name="double" arg0="geq:0:value.must.not.be.smaller.than.bound.ERR"/>
            <validate name="double" arg0="leq:999999999999999:value.must.not.be.greater.than.bound.ERR"/>
            <validate name="double" arg0="scale:2:value.must.have.at.most.decimal.places.ERR"/>
        </doubleAttrType>
        <doubleAttrType id="th_exp_max_loss">
            <validate name="double" arg0="geq:0:value.must.not.be.smaller.than.bound.ERR"/>
            <validate name="double" arg0="leq:999999999999999:value.must.not.be.greater.than.bound.ERR"/>
            <validate name="double" arg0="scale:2:value.must.have.at.most.decimal.places.ERR"/>
        </doubleAttrType>
        <doubleAttrType id="th_exp_min_loss">
            <validate name="double" arg0="geq:0:value.must.not.be.smaller.than.bound.ERR"/>
            <validate name="double" arg0="leq:999999999999999:value.must.not.be.greater.than.bound.ERR"/>
            <validate name="double" arg0="scale:2:value.must.have.at.most.decimal.places.ERR"/>
        </doubleAttrType>
        <doubleAttrType id="th_red_exp_avg_loss">
            <validate name="double" arg0="geq:0:value.must.not.be.smaller.than.bound.ERR"/>
            <validate name="double" arg0="leq:999999999999999:value.must.not.be.greater.than.bound.ERR"/>
            <validate name="double" arg0="scale:2:value.must.have.at.most.decimal.places.ERR"/>
        </doubleAttrType>
        <doubleAttrType id="th_red_exp_max_loss">
            <validate name="double" arg0="geq:0:value.must.not.be.smaller.than.bound.ERR"/>
            <validate name="double" arg0="leq:999999999999999:value.must.not.be.greater.than.bound.ERR"/>
            <validate name="double" arg0="scale:2:value.must.have.at.most.decimal.places.ERR"/>
        </doubleAttrType>
        <doubleAttrType id="th_red_exp_min_loss">
            <validate name="double" arg0="geq:0:value.must.not.be.smaller.than.bound.ERR"/>
            <validate name="double" arg0="leq:999999999999999:value.must.not.be.greater.than.bound.ERR"/>
            <validate name="double" arg0="scale:2:value.must.have.at.most.decimal.places.ERR"/>
        </doubleAttrType>
        <enumAttrType id="notification_to" enumeration="assessment_notification"/>

        <booleanAttrType id="rm_notifications_quantitative" defaultValue="false"/>
        <doubleAttrType id="th_impact_score">
            <validate name="double" arg0="geq:0:value.must.not.be.smaller.than.bound.ERR"/>
            <validate name="double" arg0="leq:999999999999999:value.must.not.be.greater.than.bound.ERR"/>
            <validate name="double" arg0="scale:2:value.must.have.at.most.decimal.places.ERR"/>
        </doubleAttrType>
        <doubleAttrType id="th_red_impact_score">
            <validate name="double" arg0="geq:0:value.must.not.be.smaller.than.bound.ERR"/>
            <validate name="double" arg0="leq:999999999999999:value.must.not.be.greater.than.bound.ERR"/>
            <validate name="double" arg0="scale:2:value.must.have.at.most.decimal.places.ERR"/>
        </doubleAttrType>
        <booleanAttrType id="rm_notifications_qualitative" defaultValue="false"/>
        
        <!-- Inicio GAP GRC29 -->
        
        <!-- Inserção do Atributo "Exportação Relevante" -->
        <booleanAttrType id="export_relevant" defaultValue="true" />
        
        <!-- Inserção do Atributo "Causa" -->
        <!-- <textAttrType id="cause" isMassEditable="true" propertyKey="attribute.RISK.cause.DBI"/> -->
        <textAttrType id="cause" behavesLike="description" propertyKey="attribute.RISK.cause.DBI"/>
        
        <!-- Inserção do Atributo "Consequencia" -->
        <textAttrType id="consequence" behavesLike="description" propertyKey="attribute.RISK.consequence.DBI"/>

        
        <!-- Inserção do Atributo "Relevante para Gestão de Risco" -->
        <!--
        <booleanAttrType id="manage_relevant" defaultValue="true" />
        -->
        
        <!-- Inserção do Atributo "Frequencia de Avaliação" -->
        <!-- 
        <stringAttrType id="freq_eval" defaultValue="Anual" />
        -->
        
        <!-- Inserção do Atributo "Permitida Avaliação Orientada a Eventos" -->
        <!-- 
        <booleanAttrType id="event_driven_allowed" defaultValue="true" />
        -->
         
        <!-- Inserção do Atributo "Tempo para Execução em Dias" -->
        <!--
        <textAttrType id="running_days" />
        -->
        
        <!-- Fim GAP GRC29 -->
        
        <!--  Inicio GAP GRC39 -->
        <enumAttrType id="categderisco" enumeration="categderisco" defaultValue="1"/>
        <!--  Fim GAP GRC39 -->
        
        <!-- Inicio GAP GRC98 -->
        <stringAttrType id="ra_result" maxCharCount="50" isMassEditable="false" />
        <stringAttrType id="ra_control1line" maxCharCount="50" isMassEditable="false" />
        <stringAttrType id="ra_control2line" maxCharCount="50" isMassEditable="false" />
        <stringAttrType id="ra_control3line" maxCharCount="50" isMassEditable="false" />
        <stringAttrType id="ra_controlfinal" maxCharCount="50" isMassEditable="false" />
        <stringAttrType id="ra_residual1line" maxCharCount="50" isMassEditable="false" />
        <stringAttrType id="ra_residual2line" maxCharCount="50" isMassEditable="false" />
        <stringAttrType id="ra_residual3line" maxCharCount="50" isMassEditable="false" />
        <stringAttrType id="ra_residualfinal" maxCharCount="50" isMassEditable="false" />
        
        <doubleAttrType id="ra_inef1line" />
        <doubleAttrType id="ra_final1line" />
        <doubleAttrType id="ra_inef2line" />
        <doubleAttrType id="ra_final2line" />
        <doubleAttrType id="ra_inef3line" />
        <doubleAttrType id="ra_final3line" />
        <!-- Fim GAP GRC98 -->
        
        <!-- Inicio REO - 24.08.2017 - Riscos Corporativos -->
        <stringAttrType id="rc_riskcateg" maxCharCount="50"/>
        <!-- Fim REO - 24.08.2017 - Riscos Corporativos -->

        <index id="I_6_1" type="normal">
            <attributeRef attribute="name"/>
        </index>
        <index id="I_6_2" type="normal">
            <attributeRef attribute="impact"/>
        </index>
        <!--index id="I_6_3" type="fullText">
            <attributeRef attribute="description"/>
        </index-->
        <index id="I_6_4" type="normal">
            <attributeRef attribute="probability"/>
        </index>
        <index id="I_RISK_ID" type="normal">
            <attributeRef attribute="risk_id"/>
        </index>
    </objectType>
 
</custom>
